SET SQL_MODE = "NO_AUTO_VALUE_ON_ZERO";
START TRANSACTION;
SET time_zone = "+00:00";

/*!40101 SET @OLD_CHARACTER_SET_CLIENT=@@CHARACTER_SET_CLIENT */;
/*!40101 SET @OLD_CHARACTER_SET_RESULTS=@@CHARACTER_SET_RESULTS */;
/*!40101 SET @OLD_COLLATION_CONNECTION=@@COLLATION_CONNECTION */;
/*!40101 SET NAMES utf8mb4 */;


DROP TABLE IF EXISTS `adms_cads_usuarios`;
CREATE TABLE IF NOT EXISTS `adms_cads_usuarios` (
  `id` int(11) NOT NULL AUTO_INCREMENT,
  `env_email_conf` int(11) NOT NULL,
  `adms_niveis_acesso_id` int(11) NOT NULL,
  `adms_sits_usuario_id` int(11) NOT NULL,
  `created` datetime NOT NULL,
  `modified` datetime DEFAULT NULL,
  PRIMARY KEY (`id`)
) ENGINE=MyISAM AUTO_INCREMENT=2 DEFAULT CHARSET=utf8 COLLATE=utf8_unicode_ci;

INSERT INTO `adms_cads_usuarios` (`id`, `env_email_conf`, `adms_niveis_acesso_id`, `adms_sits_usuario_id`, `created`, `modified`) VALUES
(1, 2, 5, 3, '2018-06-23 00:00:00', '2018-06-29 22:24:18');

DROP TABLE IF EXISTS `adms_confs_emails`;
CREATE TABLE IF NOT EXISTS `adms_confs_emails` (
  `id` int(11) NOT NULL AUTO_INCREMENT,
  `nome` varchar(220) COLLATE utf8_unicode_ci NOT NULL,
  `email` varchar(220) COLLATE utf8_unicode_ci NOT NULL,
  `host` varchar(220) COLLATE utf8_unicode_ci NOT NULL,
  `usuario` varchar(220) COLLATE utf8_unicode_ci NOT NULL,
  `senha` varchar(120) COLLATE utf8_unicode_ci NOT NULL,
  `smtpsecure` varchar(10) COLLATE utf8_unicode_ci NOT NULL,
  `porta` int(11) NOT NULL,
  `created` datetime NOT NULL,
  `modified` datetime DEFAULT NULL,
  PRIMARY KEY (`id`)
) ENGINE=MyISAM AUTO_INCREMENT=2 DEFAULT CHARSET=utf8 COLLATE=utf8_unicode_ci;

INSERT INTO `adms_confs_emails` (`id`, `nome`, `email`, `host`, `usuario`, `senha`, `smtpsecure`, `porta`, `created`, `modified`) VALUES
(1, '', '', '', '', '', '', 547, '2018-06-23 00:00:00', '2018-06-29 19:12:47');

DROP TABLE IF EXISTS `adms_cors`;
CREATE TABLE IF NOT EXISTS `adms_cors` (
  `id` int(11) NOT NULL AUTO_INCREMENT,
  `nome` varchar(40) COLLATE utf8_unicode_ci NOT NULL,
  `cor` varchar(40) COLLATE utf8_unicode_ci NOT NULL,
  `created` datetime NOT NULL,
  `modified` datetime DEFAULT NULL,
  PRIMARY KEY (`id`)
) ENGINE=MyISAM AUTO_INCREMENT=9 DEFAULT CHARSET=utf8 COLLATE=utf8_unicode_ci;

INSERT INTO `adms_cors` (`id`, `nome`, `cor`, `created`, `modified`) VALUES
(1, 'Azul', 'primary', '2018-05-23 00:00:00', '2018-06-29 20:06:34'),
(2, 'Cinza', 'secondary', '2018-05-23 00:00:00', NULL),
(3, 'Verde', 'success', '2018-05-23 00:00:00', NULL),
(4, 'Vermelho', 'danger', '2018-05-23 00:00:00', NULL),
(5, 'Laranjado', 'warning', '2018-05-23 00:00:00', NULL),
(6, 'Azul claro', 'info', '2018-05-23 00:00:00', NULL),
(7, 'Claro', 'light', '2018-05-23 00:00:00', NULL),
(8, 'Cinza escuro', 'dark', '2018-05-23 00:00:00', NULL);

DROP TABLE IF EXISTS `adms_grps_pgs`;
CREATE TABLE IF NOT EXISTS `adms_grps_pgs` (
  `id` int(11) NOT NULL AUTO_INCREMENT,
  `nome` varchar(40) COLLATE utf8_unicode_ci NOT NULL,
  `ordem` int(11) NOT NULL,
  `created` datetime NOT NULL,
  `modified` datetime DEFAULT NULL,
  PRIMARY KEY (`id`)
) ENGINE=MyISAM AUTO_INCREMENT=9 DEFAULT CHARSET=utf8 COLLATE=utf8_unicode_ci;

INSERT INTO `adms_grps_pgs` (`id`, `nome`, `ordem`, `created`, `modified`) VALUES
(1, 'Listar', 1, '2018-05-23 00:00:00', '2018-06-29 21:36:41'),
(2, 'Cadastrar', 2, '2018-05-23 00:00:00', '2018-06-29 22:30:06'),
(3, 'Editar', 3, '2018-05-23 00:00:00', '2018-06-29 22:30:06'),
(4, 'Apagar', 4, '2018-05-23 00:00:00', NULL),
(5, 'Visualizar', 5, '2018-05-23 00:00:00', NULL),
(6, 'Outros', 6, '2018-05-23 00:00:00', NULL),
(7, 'Acesso', 7, '2018-05-23 00:00:00', '2018-06-29 21:35:16'),
(8, 'Alterar Ordem', 8, '2018-06-23 00:00:00', '2018-06-29 21:35:16');

DROP TABLE IF EXISTS `adms_menus`;
CREATE TABLE IF NOT EXISTS `adms_menus` (
  `id` int(11) NOT NULL AUTO_INCREMENT,
  `nome` varchar(220) COLLATE utf8_unicode_ci NOT NULL,
  `icone` varchar(40) COLLATE utf8_unicode_ci NOT NULL,
  `ordem` int(11) NOT NULL,
  `adms_sit_id` int(11) NOT NULL,
  `created` datetime NOT NULL,
  `modified` datetime DEFAULT NULL,
  PRIMARY KEY (`id`)
) ENGINE=MyISAM AUTO_INCREMENT=6 DEFAULT CHARSET=utf8 COLLATE=utf8_unicode_ci;

INSERT INTO `adms_menus` (`id`, `nome`, `icone`, `ordem`, `adms_sit_id`, `created`, `modified`) VALUES
(1, 'Dashboard', 'fas fa-tachometer-alt', 1, 1, '2018-05-23 00:00:00', '2018-06-28 17:30:44'),
(2, 'Usuário', 'fas fa-user', 2, 1, '2018-05-23 00:00:00', '2018-06-28 17:30:46'),
(3, 'Sair', 'fas fa-sign-out-alt', 5, 1, '2018-06-23 00:00:00', '2018-06-30 09:21:33'),
(4, 'Configuração', 'fas fa-cogs', 3, 1, '2018-06-23 00:00:00', '2018-06-28 17:30:47'),
(5, 'Site', 'fas fa-laptop', 4, 1, '2018-06-30 09:21:26', '2018-06-30 09:21:33');

DROP TABLE IF EXISTS `adms_nivacs_pgs`;
CREATE TABLE IF NOT EXISTS `adms_nivacs_pgs` (
  `id` int(11) NOT NULL AUTO_INCREMENT,
  `permissao` int(11) NOT NULL,
  `ordem` int(11) NOT NULL,
  `dropdown` int(11) NOT NULL DEFAULT '2',
  `lib_menu` int(11) NOT NULL DEFAULT '2',
  `adms_menu_id` int(11) NOT NULL DEFAULT '4',
  `adms_niveis_acesso_id` int(11) NOT NULL,
  `adms_pagina_id` int(11) NOT NULL,
  `created` datetime NOT NULL,
  `modified` datetime DEFAULT NULL,
  PRIMARY KEY (`id`)
) ENGINE=MyISAM AUTO_INCREMENT=686 DEFAULT CHARSET=utf8 COLLATE=utf8_unicode_ci;

INSERT INTO `adms_nivacs_pgs` (`id`, `permissao`, `ordem`, `dropdown`, `lib_menu`, `adms_menu_id`, `adms_niveis_acesso_id`, `adms_pagina_id`, `created`, `modified`) VALUES
(1, 1, 1, 2, 1, 1, 1, 1, '2018-05-23 00:00:00', '2018-06-28 16:33:49'),
(2, 1, 2, 1, 1, 2, 1, 2, '2018-05-23 00:00:00', '2018-06-25 12:52:11'),
(3, 1, 4, 2, 1, 3, 1, 4, '2018-05-23 00:00:00', '2018-06-25 11:19:21'),
(4, 1, 5, 1, 2, 4, 1, 5, '2018-05-23 00:00:00', '2018-06-25 11:19:19'),
(5, 1, 6, 1, 2, 2, 1, 7, '2018-06-23 00:00:00', '2018-06-25 11:19:17'),
(6, 1, 7, 2, 2, 2, 1, 9, '2018-06-23 00:00:00', '2018-06-25 11:19:16'),
(7, 1, 8, 2, 2, 2, 1, 10, '2018-06-23 00:00:00', '2018-06-25 11:19:15'),
(8, 1, 9, 2, 2, 2, 1, 11, '2018-06-23 00:00:00', '2018-06-25 11:19:13'),
(9, 1, 10, 2, 2, 2, 1, 12, '2018-06-23 00:00:00', '2018-06-25 11:19:12'),
(10, 1, 11, 2, 2, 2, 1, 13, '2018-06-23 00:00:00', '2018-06-28 16:22:00'),
(11, 1, 12, 2, 2, 2, 1, 14, '2018-06-23 00:00:00', '2018-06-25 11:50:15'),
(12, 1, 13, 2, 2, 2, 1, 15, '2018-06-23 00:00:00', '2018-06-25 11:50:15'),
(13, 1, 15, 2, 2, 2, 1, 16, '2018-06-23 00:00:00', '2018-06-25 11:57:33'),
(14, 1, 1, 2, 1, 1, 2, 1, '2018-06-23 00:00:00', '2020-08-19 22:59:41'),
(15, 1, 2, 2, 2, 2, 2, 9, '2018-06-23 00:00:00', '2018-07-09 13:25:52'),
(16, 1, 3, 2, 2, 2, 2, 10, '2018-06-23 00:00:00', '2018-07-09 13:25:54'),
(17, 1, 4, 2, 2, 2, 2, 11, '2018-06-23 00:00:00', '2018-07-09 13:25:55'),
(18, 1, 6, 1, 1, 2, 2, 2, '2018-06-23 00:00:00', '2018-07-09 13:26:17'),
(19, 1, 5, 2, 2, 2, 2, 12, '2018-06-23 00:00:00', '2018-07-09 13:25:57'),
(20, 1, 7, 2, 2, 2, 2, 13, '2018-06-23 00:00:00', '2018-07-09 13:26:00'),
(21, 1, 8, 2, 2, 2, 2, 14, '2018-06-23 00:00:00', NULL),
(22, 1, 9, 2, 2, 2, 2, 15, '2018-06-23 00:00:00', '2018-07-09 13:26:23'),
(23, 1, 10, 2, 2, 2, 2, 16, '2018-06-23 00:00:00', '2018-07-09 13:26:25'),
(24, 1, 11, 2, 1, 3, 2, 4, '2018-06-23 00:00:00', '2018-07-05 14:37:39'),
(25, 1, 3, 1, 1, 2, 1, 17, '2018-06-23 00:00:00', '2018-06-28 16:17:58'),
(26, 1, 14, 2, 2, 2, 1, 18, '2018-06-23 00:00:00', '2018-06-25 11:57:33'),
(27, 1, 16, 2, 2, 2, 1, 19, '2018-06-23 00:00:00', NULL),
(28, 1, 17, 2, 2, 2, 1, 20, '2018-06-23 00:00:00', NULL),
(29, 1, 18, 2, 2, 2, 1, 21, '2018-06-23 00:00:00', NULL),
(30, 1, 19, 2, 2, 2, 1, 22, '2018-06-23 00:00:00', NULL),
(31, 1, 12, 1, 1, 2, 2, 17, '2018-06-23 00:00:00', '2018-06-24 15:35:48'),
(32, 1, 13, 2, 2, 2, 2, 18, '2018-06-23 00:00:00', '2018-06-24 14:00:50'),
(33, 1, 14, 2, 2, 2, 2, 19, '2018-06-23 00:00:00', NULL),
(34, 1, 15, 2, 2, 2, 2, 20, '2018-06-23 00:00:00', NULL),
(35, 1, 16, 2, 2, 2, 2, 21, '2018-06-23 00:00:00', NULL),
(36, 1, 17, 2, 2, 2, 2, 22, '2018-06-23 00:00:00', NULL),
(37, 1, 20, 1, 1, 4, 1, 23, '2018-06-23 00:00:00', NULL),
(38, 1, 21, 2, 2, 4, 1, 24, '2018-06-23 00:00:00', NULL),
(39, 1, 22, 2, 2, 4, 1, 25, '2018-06-22 14:25:21', NULL),
(40, 2, 18, 2, 2, 4, 2, 23, '2018-06-22 14:25:21', '2018-07-09 13:27:44'),
(41, 2, 1, 2, 2, 4, 3, 25, '2018-06-22 14:25:21', '2018-06-24 15:41:31'),
(42, 2, 1, 2, 2, 4, 4, 25, '2018-06-22 14:25:21', NULL),
(43, 1, 1, 2, 2, 4, 5, 25, '2018-06-22 14:25:21', '2018-06-24 13:57:03'),
(44, 1, 23, 2, 2, 4, 1, 26, '2018-06-22 14:43:47', NULL),
(45, 2, 19, 2, 2, 4, 2, 26, '2018-06-22 14:43:47', NULL),
(46, 2, 2, 2, 2, 4, 3, 26, '2018-06-22 14:43:47', NULL),
(47, 2, 2, 2, 2, 4, 4, 26, '2018-06-22 14:43:47', NULL),
(48, 2, 2, 2, 2, 4, 5, 26, '2018-06-22 14:43:47', NULL),
(49, 1, 24, 2, 2, 4, 1, 27, '2018-06-22 19:17:43', NULL),
(50, 2, 20, 2, 2, 4, 2, 27, '2018-06-22 19:17:43', '2018-07-09 13:27:28'),
(51, 2, 3, 2, 2, 4, 3, 27, '2018-06-22 19:17:43', NULL),
(52, 2, 3, 2, 2, 4, 4, 27, '2018-06-22 19:17:43', NULL),
(53, 2, 3, 2, 2, 4, 5, 27, '2018-06-22 19:17:43', NULL),
(54, 1, 25, 2, 2, 4, 1, 28, '2018-06-24 11:59:53', NULL),
(55, 1, 21, 2, 2, 4, 2, 28, '2018-06-24 11:59:53', NULL),
(56, 2, 4, 2, 2, 4, 3, 28, '2018-06-24 11:59:53', NULL),
(57, 2, 4, 2, 2, 4, 4, 28, '2018-06-24 11:59:53', NULL),
(58, 2, 4, 2, 2, 4, 5, 28, '2018-06-24 11:59:53', NULL),
(59, 1, 26, 2, 2, 4, 1, 29, '2018-06-24 12:52:42', NULL),
(60, 1, 22, 2, 2, 4, 2, 29, '2018-06-24 12:52:42', '2018-06-24 15:54:01'),
(61, 2, 5, 2, 2, 4, 3, 29, '2018-06-24 12:52:42', '2018-07-09 13:29:54'),
(62, 2, 5, 2, 2, 4, 4, 29, '2018-06-24 12:52:42', NULL),
(63, 2, 5, 2, 2, 4, 5, 29, '2018-06-24 12:52:42', NULL),
(64, 1, 6, 2, 1, 1, 3, 1, '2018-06-23 00:00:00', '2018-07-09 13:29:54'),
(65, 1, 7, 1, 1, 2, 3, 2, '2018-06-23 00:00:00', NULL),
(66, 1, 8, 2, 1, 3, 3, 4, '2018-06-23 00:00:00', '2018-06-24 15:55:16'),
(67, 1, 27, 2, 2, 4, 1, 30, '2018-06-25 09:48:29', NULL),
(68, 1, 23, 2, 2, 4, 2, 30, '2018-06-25 09:48:29', '2018-07-09 13:28:23'),
(69, 2, 9, 2, 2, 4, 3, 30, '2018-06-25 09:48:29', NULL),
(70, 2, 6, 2, 2, 4, 4, 30, '2018-06-25 09:48:29', NULL),
(71, 2, 6, 2, 2, 4, 5, 30, '2018-06-25 09:48:29', NULL),
(72, 1, 28, 2, 2, 4, 1, 31, '2018-06-25 10:24:39', NULL),
(73, 1, 24, 2, 2, 4, 2, 31, '2018-06-25 10:24:39', '2018-07-09 13:28:24'),
(74, 2, 10, 2, 2, 4, 3, 31, '2018-06-25 10:24:39', NULL),
(75, 2, 7, 2, 2, 4, 4, 31, '2018-06-25 10:24:39', NULL),
(76, 2, 7, 2, 2, 4, 5, 31, '2018-06-25 10:24:39', NULL),
(77, 1, 29, 2, 2, 4, 1, 32, '2018-06-25 10:56:36', NULL),
(78, 1, 25, 2, 2, 4, 2, 32, '2018-06-25 10:56:36', '2018-07-09 13:28:21'),
(79, 2, 11, 2, 2, 4, 3, 32, '2018-06-25 10:56:36', NULL),
(80, 2, 8, 2, 2, 4, 4, 32, '2018-06-25 10:56:36', NULL),
(81, 2, 8, 2, 2, 4, 5, 32, '2018-06-25 10:56:36', NULL),
(82, 1, 30, 2, 2, 4, 1, 33, '2018-06-26 12:23:37', NULL),
(83, 1, 26, 2, 2, 4, 2, 33, '2018-06-26 12:23:37', '2018-07-09 13:28:31'),
(84, 2, 12, 2, 2, 4, 3, 33, '2018-06-26 12:23:37', NULL),
(85, 2, 9, 2, 2, 4, 4, 33, '2018-06-26 12:23:37', NULL),
(86, 2, 9, 2, 2, 4, 5, 33, '2018-06-26 12:23:37', NULL),
(87, 1, 31, 2, 2, 4, 1, 3, '2018-06-26 13:10:37', NULL),
(88, 1, 32, 2, 2, 4, 1, 6, '2018-06-26 13:10:37', NULL),
(89, 1, 33, 2, 2, 4, 1, 8, '2018-06-26 13:10:37', NULL),
(90, 1, 27, 2, 2, 4, 2, 3, '2018-06-26 13:10:37', NULL),
(91, 1, 28, 2, 2, 4, 2, 5, '2018-06-26 13:10:37', NULL),
(92, 1, 29, 2, 2, 4, 2, 6, '2018-06-26 13:10:37', NULL),
(93, 1, 30, 2, 2, 4, 2, 7, '2018-06-26 13:10:37', NULL),
(94, 1, 31, 2, 2, 4, 2, 8, '2018-06-26 13:10:37', NULL),
(95, 2, 32, 2, 2, 4, 2, 24, '2018-06-26 13:10:37', NULL),
(96, 2, 33, 2, 2, 4, 2, 25, '2018-06-26 13:10:37', NULL),
(97, 1, 13, 2, 2, 4, 3, 3, '2018-06-26 13:10:37', NULL),
(98, 1, 14, 2, 2, 4, 3, 5, '2018-06-26 13:10:37', NULL),
(99, 1, 15, 2, 2, 4, 3, 6, '2018-06-26 13:10:37', NULL),
(100, 1, 16, 2, 2, 4, 3, 7, '2018-06-26 13:10:37', NULL),
(101, 1, 17, 2, 2, 4, 3, 8, '2018-06-26 13:10:37', NULL),
(102, 2, 18, 2, 2, 4, 3, 9, '2018-06-26 13:10:37', NULL),
(103, 2, 19, 2, 2, 4, 3, 10, '2018-06-26 13:10:37', NULL),
(104, 2, 20, 2, 2, 4, 3, 11, '2018-06-26 13:10:37', NULL),
(105, 2, 21, 2, 2, 4, 3, 12, '2018-06-26 13:10:37', NULL),
(106, 2, 22, 2, 2, 4, 3, 13, '2018-06-26 13:10:37', NULL),
(107, 2, 23, 2, 2, 4, 3, 14, '2018-06-26 13:10:37', NULL),
(108, 2, 24, 2, 2, 4, 3, 15, '2018-06-26 13:10:37', NULL),
(109, 2, 25, 2, 2, 4, 3, 16, '2018-06-26 13:10:37', NULL),
(110, 2, 26, 2, 2, 4, 3, 17, '2018-06-26 13:10:37', NULL),
(111, 2, 27, 2, 2, 4, 3, 18, '2018-06-26 13:10:37', NULL),
(112, 2, 28, 2, 2, 4, 3, 19, '2018-06-26 13:10:37', NULL),
(113, 2, 29, 2, 2, 4, 3, 20, '2018-06-26 13:10:37', NULL),
(114, 2, 30, 2, 2, 4, 3, 21, '2018-06-26 13:10:37', NULL),
(115, 2, 31, 2, 2, 4, 3, 22, '2018-06-26 13:10:37', NULL),
(116, 2, 32, 2, 2, 4, 3, 23, '2018-06-26 13:10:37', NULL),
(117, 2, 33, 2, 2, 4, 3, 24, '2018-06-26 13:10:37', NULL),
(118, 2, 10, 2, 2, 4, 4, 1, '2018-06-26 13:10:37', NULL),
(119, 2, 11, 2, 2, 4, 4, 2, '2018-06-26 13:10:37', NULL),
(120, 1, 12, 2, 2, 4, 4, 3, '2018-06-26 13:10:37', NULL),
(121, 1, 13, 2, 2, 4, 4, 4, '2018-06-26 13:10:37', NULL),
(122, 1, 14, 2, 2, 4, 4, 5, '2018-06-26 13:10:37', NULL),
(123, 1, 15, 2, 2, 4, 4, 6, '2018-06-26 13:10:37', NULL),
(124, 1, 16, 2, 2, 4, 4, 7, '2018-06-26 13:10:37', NULL),
(125, 1, 17, 2, 2, 4, 4, 8, '2018-06-26 13:10:37', NULL),
(126, 2, 18, 2, 2, 4, 4, 9, '2018-06-26 13:10:37', NULL),
(127, 2, 19, 2, 2, 4, 4, 10, '2018-06-26 13:10:37', NULL),
(128, 2, 20, 2, 2, 4, 4, 11, '2018-06-26 13:10:37', NULL),
(129, 2, 21, 2, 2, 4, 4, 12, '2018-06-26 13:10:37', NULL),
(130, 2, 22, 2, 2, 4, 4, 13, '2018-06-26 13:10:37', NULL),
(131, 2, 23, 2, 2, 4, 4, 14, '2018-06-26 13:10:37', NULL),
(132, 2, 24, 2, 2, 4, 4, 15, '2018-06-26 13:10:37', NULL),
(133, 2, 25, 2, 2, 4, 4, 16, '2018-06-26 13:10:37', NULL),
(134, 2, 26, 2, 2, 4, 4, 17, '2018-06-26 13:10:37', NULL),
(135, 2, 27, 2, 2, 4, 4, 18, '2018-06-26 13:10:37', NULL),
(136, 2, 28, 2, 2, 4, 4, 19, '2018-06-26 13:10:37', NULL),
(137, 2, 29, 2, 2, 4, 4, 20, '2018-06-26 13:10:37', NULL),
(138, 2, 30, 2, 2, 4, 4, 21, '2018-06-26 13:10:37', NULL),
(139, 2, 31, 2, 2, 4, 4, 22, '2018-06-26 13:10:37', NULL),
(140, 2, 32, 2, 2, 4, 4, 23, '2018-06-26 13:10:37', NULL),
(141, 2, 33, 2, 2, 4, 4, 24, '2018-06-26 13:10:37', NULL),
(142, 1, 10, 2, 1, 1, 5, 1, '2018-06-26 13:10:37', '2018-07-09 13:37:12'),
(143, 2, 11, 2, 2, 4, 5, 2, '2018-06-26 13:10:37', NULL),
(144, 1, 12, 2, 2, 4, 5, 3, '2018-06-26 13:10:37', NULL),
(145, 1, 13, 2, 1, 3, 5, 4, '2018-06-26 13:10:37', '2018-07-09 13:40:01'),
(146, 1, 14, 2, 2, 4, 5, 5, '2018-06-26 13:10:37', NULL),
(147, 1, 15, 2, 2, 4, 5, 6, '2018-06-26 13:10:37', NULL),
(148, 1, 16, 2, 2, 4, 5, 7, '2018-06-26 13:10:37', NULL),
(149, 1, 17, 2, 2, 4, 5, 8, '2018-06-26 13:10:37', NULL),
(150, 1, 18, 2, 2, 4, 5, 9, '2018-06-26 13:10:37', '2018-07-09 13:37:33'),
(151, 1, 19, 2, 2, 4, 5, 10, '2018-06-26 13:10:37', '2018-07-09 13:37:36'),
(152, 1, 20, 2, 2, 4, 5, 11, '2018-06-26 13:10:37', '2018-07-09 13:37:38'),
(153, 2, 21, 2, 2, 4, 5, 12, '2018-06-26 13:10:37', NULL),
(154, 2, 22, 2, 2, 4, 5, 13, '2018-06-26 13:10:37', NULL),
(155, 2, 23, 2, 2, 4, 5, 14, '2018-06-26 13:10:37', NULL),
(156, 2, 24, 2, 2, 4, 5, 15, '2018-06-26 13:10:37', NULL),
(157, 2, 25, 2, 2, 4, 5, 16, '2018-06-26 13:10:37', NULL),
(158, 2, 26, 2, 2, 4, 5, 17, '2018-06-26 13:10:37', NULL),
(159, 2, 27, 2, 2, 4, 5, 18, '2018-06-26 13:10:37', NULL),
(160, 2, 28, 2, 2, 4, 5, 19, '2018-06-26 13:10:37', NULL),
(161, 2, 29, 2, 2, 4, 5, 20, '2018-06-26 13:10:37', NULL),
(162, 2, 30, 2, 2, 4, 5, 21, '2018-06-26 13:10:37', NULL),
(163, 2, 31, 2, 2, 4, 5, 22, '2018-06-26 13:10:37', NULL),
(164, 2, 32, 2, 2, 4, 5, 23, '2018-06-26 13:10:37', NULL),
(165, 2, 33, 2, 2, 4, 5, 24, '2018-06-26 13:10:37', NULL),
(166, 1, 34, 2, 2, 4, 1, 34, '2018-06-28 16:11:35', NULL),
(167, 1, 34, 2, 2, 4, 2, 34, '2018-06-28 16:11:35', '2018-07-09 13:28:55'),
(168, 2, 34, 2, 2, 4, 3, 34, '2018-06-28 16:11:35', NULL),
(169, 2, 34, 2, 2, 4, 4, 34, '2018-06-28 16:11:35', NULL),
(170, 2, 34, 2, 2, 4, 5, 34, '2018-06-28 16:11:35', NULL),
(171, 1, 35, 1, 1, 4, 1, 35, '2018-06-28 16:40:32', '2018-06-28 17:21:17'),
(172, 1, 36, 2, 2, 4, 1, 36, '2018-06-28 16:40:32', NULL),
(173, 1, 37, 2, 2, 4, 1, 37, '2018-06-28 16:40:32', NULL),
(174, 1, 38, 2, 2, 4, 1, 38, '2018-06-28 16:40:32', NULL),
(175, 1, 39, 2, 2, 4, 1, 39, '2018-06-28 16:40:32', NULL),
(176, 1, 40, 2, 2, 4, 1, 40, '2018-06-28 16:40:32', NULL),
(177, 2, 35, 2, 2, 4, 2, 35, '2018-06-28 16:40:32', NULL),
(178, 2, 36, 2, 2, 4, 2, 36, '2018-06-28 16:40:32', NULL),
(179, 2, 37, 2, 2, 4, 2, 37, '2018-06-28 16:40:32', NULL),
(180, 2, 38, 2, 2, 4, 2, 38, '2018-06-28 16:40:32', NULL),
(181, 2, 39, 2, 2, 4, 2, 39, '2018-06-28 16:40:32', NULL),
(182, 2, 40, 2, 2, 4, 2, 40, '2018-06-28 16:40:32', NULL),
(183, 2, 35, 2, 2, 4, 3, 35, '2018-06-28 16:40:32', NULL),
(184, 2, 36, 2, 2, 4, 3, 36, '2018-06-28 16:40:32', NULL),
(185, 2, 37, 2, 2, 4, 3, 37, '2018-06-28 16:40:32', NULL),
(186, 2, 38, 2, 2, 4, 3, 38, '2018-06-28 16:40:32', NULL),
(187, 2, 39, 2, 2, 4, 3, 39, '2018-06-28 16:40:32', NULL),
(188, 2, 40, 2, 2, 4, 3, 40, '2018-06-28 16:40:32', NULL),
(189, 2, 35, 2, 2, 4, 4, 35, '2018-06-28 16:40:32', NULL),
(190, 2, 36, 2, 2, 4, 4, 36, '2018-06-28 16:40:32', NULL),
(191, 2, 37, 2, 2, 4, 4, 37, '2018-06-28 16:40:32', NULL),
(192, 2, 38, 2, 2, 4, 4, 38, '2018-06-28 16:40:32', NULL),
(193, 2, 39, 2, 2, 4, 4, 39, '2018-06-28 16:40:32', NULL),
(194, 2, 40, 2, 2, 4, 4, 40, '2018-06-28 16:40:32', NULL),
(195, 2, 35, 2, 2, 4, 5, 35, '2018-06-28 16:40:32', NULL),
(196, 2, 36, 2, 2, 4, 5, 36, '2018-06-28 16:40:32', NULL),
(197, 2, 37, 2, 2, 4, 5, 37, '2018-06-28 16:40:32', NULL),
(198, 2, 38, 2, 2, 4, 5, 38, '2018-06-28 16:40:32', NULL),
(199, 2, 39, 2, 2, 4, 5, 39, '2018-06-28 16:40:32', NULL),
(200, 2, 40, 2, 2, 4, 5, 40, '2018-06-28 16:40:32', NULL),
(201, 1, 41, 1, 1, 4, 1, 41, '2018-06-29 18:33:56', '2018-06-29 18:34:12'),
(202, 1, 41, 1, 1, 4, 2, 41, '2018-06-29 18:33:56', '2018-07-09 13:30:15'),
(203, 2, 41, 2, 2, 4, 3, 41, '2018-06-29 18:33:56', NULL),
(204, 2, 41, 2, 2, 4, 4, 41, '2018-06-29 18:33:56', NULL),
(205, 2, 41, 2, 2, 4, 5, 41, '2018-06-29 18:33:56', NULL),
(206, 1, 42, 1, 1, 4, 1, 42, '2018-06-29 18:56:15', '2018-06-29 18:56:30'),
(207, 1, 42, 1, 1, 4, 2, 42, '2018-06-29 18:56:15', '2018-07-09 13:30:23'),
(208, 2, 42, 2, 2, 4, 3, 42, '2018-06-29 18:56:15', NULL),
(209, 2, 42, 2, 2, 4, 4, 42, '2018-06-29 18:56:15', NULL),
(210, 2, 42, 2, 2, 4, 5, 42, '2018-06-29 18:56:15', NULL),
(211, 1, 43, 1, 1, 4, 1, 43, '2018-06-29 19:32:21', '2018-06-29 19:32:33'),
(212, 2, 43, 2, 2, 4, 2, 43, '2018-06-29 19:32:21', NULL),
(213, 2, 43, 2, 2, 4, 3, 43, '2018-06-29 19:32:21', NULL),
(214, 2, 43, 2, 2, 4, 4, 43, '2018-06-29 19:32:21', NULL),
(215, 2, 43, 2, 2, 4, 5, 43, '2018-06-29 19:32:21', NULL),
(216, 1, 44, 2, 2, 4, 1, 44, '2018-06-29 19:50:19', NULL),
(217, 2, 44, 2, 2, 4, 2, 44, '2018-06-29 19:50:19', NULL),
(218, 2, 44, 2, 2, 4, 3, 44, '2018-06-29 19:50:19', NULL),
(219, 2, 44, 2, 2, 4, 4, 44, '2018-06-29 19:50:19', NULL),
(220, 2, 44, 2, 2, 4, 5, 44, '2018-06-29 19:50:19', NULL),
(221, 1, 45, 2, 2, 4, 1, 45, '2018-06-29 19:59:53', NULL),
(222, 2, 45, 2, 2, 4, 2, 45, '2018-06-29 19:59:53', NULL),
(223, 2, 45, 2, 2, 4, 3, 45, '2018-06-29 19:59:53', NULL),
(224, 2, 45, 2, 2, 4, 4, 45, '2018-06-29 19:59:53', NULL),
(225, 2, 45, 2, 2, 4, 5, 45, '2018-06-29 19:59:53', NULL),
(226, 1, 46, 2, 2, 4, 1, 46, '2018-06-29 20:09:35', NULL),
(227, 2, 46, 2, 2, 4, 2, 46, '2018-06-29 20:09:35', NULL),
(228, 2, 46, 2, 2, 4, 3, 46, '2018-06-29 20:09:35', NULL),
(229, 2, 46, 2, 2, 4, 4, 46, '2018-06-29 20:09:35', NULL),
(230, 2, 46, 2, 2, 4, 5, 46, '2018-06-29 20:09:35', NULL),
(231, 1, 47, 2, 2, 4, 1, 47, '2018-06-29 20:17:36', NULL),
(232, 2, 47, 2, 2, 4, 2, 47, '2018-06-29 20:17:36', NULL),
(233, 2, 47, 2, 2, 4, 3, 47, '2018-06-29 20:17:36', NULL),
(234, 2, 47, 2, 2, 4, 4, 47, '2018-06-29 20:17:36', NULL),
(235, 2, 47, 2, 2, 4, 5, 47, '2018-06-29 20:17:36', NULL),
(236, 1, 48, 1, 1, 4, 1, 48, '2018-06-29 20:29:31', '2018-06-29 20:29:45'),
(237, 2, 48, 2, 2, 4, 2, 48, '2018-06-29 20:29:31', NULL),
(238, 2, 48, 2, 2, 4, 3, 48, '2018-06-29 20:29:31', NULL),
(239, 2, 48, 2, 2, 4, 4, 48, '2018-06-29 20:29:31', NULL),
(240, 2, 48, 2, 2, 4, 5, 48, '2018-06-29 20:29:31', NULL),
(241, 1, 49, 2, 2, 4, 1, 49, '2018-06-29 20:40:11', NULL),
(242, 2, 49, 2, 2, 4, 2, 49, '2018-06-29 20:40:11', NULL),
(243, 2, 49, 2, 2, 4, 3, 49, '2018-06-29 20:40:11', NULL),
(244, 2, 49, 2, 2, 4, 4, 49, '2018-06-29 20:40:11', NULL),
(245, 2, 49, 2, 2, 4, 5, 49, '2018-06-29 20:40:11', NULL),
(246, 1, 50, 2, 2, 4, 1, 50, '2018-06-29 20:58:30', NULL),
(247, 2, 50, 2, 2, 4, 2, 50, '2018-06-29 20:58:30', NULL),
(248, 2, 50, 2, 2, 4, 3, 50, '2018-06-29 20:58:30', NULL),
(249, 2, 50, 2, 2, 4, 4, 50, '2018-06-29 20:58:30', NULL),
(250, 2, 50, 2, 2, 4, 5, 50, '2018-06-29 20:58:30', NULL),
(251, 1, 51, 2, 2, 4, 1, 51, '2018-06-29 21:08:41', NULL),
(252, 2, 51, 2, 2, 4, 2, 51, '2018-06-29 21:08:41', NULL),
(253, 2, 51, 2, 2, 4, 3, 51, '2018-06-29 21:08:41', NULL),
(254, 2, 51, 2, 2, 4, 4, 51, '2018-06-29 21:08:41', NULL),
(255, 2, 51, 2, 2, 4, 5, 51, '2018-06-29 21:08:41', NULL),
(256, 1, 52, 2, 2, 4, 1, 52, '2018-06-29 21:19:34', NULL),
(257, 2, 52, 2, 2, 4, 2, 52, '2018-06-29 21:19:34', NULL),
(258, 2, 52, 2, 2, 4, 3, 52, '2018-06-29 21:19:34', NULL),
(259, 2, 52, 2, 2, 4, 4, 52, '2018-06-29 21:19:34', NULL),
(260, 2, 52, 2, 2, 4, 5, 52, '2018-06-29 21:19:34', NULL),
(261, 1, 53, 2, 2, 4, 1, 53, '2018-06-29 21:31:23', NULL),
(262, 2, 53, 2, 2, 4, 2, 53, '2018-06-29 21:31:23', NULL),
(263, 2, 53, 2, 2, 4, 3, 53, '2018-06-29 21:31:23', NULL),
(264, 2, 53, 2, 2, 4, 4, 53, '2018-06-29 21:31:23', NULL),
(265, 2, 53, 2, 2, 4, 5, 53, '2018-06-29 21:31:23', NULL),
(266, 1, 54, 1, 1, 4, 1, 54, '2018-06-29 21:40:39', '2018-06-29 21:40:53'),
(267, 2, 54, 2, 2, 4, 2, 54, '2018-06-29 21:40:39', NULL),
(268, 2, 54, 2, 2, 4, 3, 54, '2018-06-29 21:40:39', NULL),
(269, 2, 54, 2, 2, 4, 4, 54, '2018-06-29 21:40:39', NULL),
(270, 2, 54, 2, 2, 4, 5, 54, '2018-06-29 21:40:39', NULL),
(271, 1, 55, 2, 2, 4, 1, 55, '2018-06-29 21:50:13', NULL),
(272, 2, 55, 2, 2, 4, 2, 55, '2018-06-29 21:50:13', NULL),
(273, 2, 55, 2, 2, 4, 3, 55, '2018-06-29 21:50:13', NULL),
(274, 2, 55, 2, 2, 4, 4, 55, '2018-06-29 21:50:13', NULL),
(275, 2, 55, 2, 2, 4, 5, 55, '2018-06-29 21:50:13', NULL),
(276, 1, 56, 2, 2, 4, 1, 56, '2018-06-29 22:13:11', NULL),
(277, 2, 56, 2, 2, 4, 2, 56, '2018-06-29 22:13:11', NULL),
(278, 2, 56, 2, 2, 4, 3, 56, '2018-06-29 22:13:11', NULL),
(279, 2, 56, 2, 2, 4, 4, 56, '2018-06-29 22:13:11', NULL),
(280, 2, 56, 2, 2, 4, 5, 56, '2018-06-29 22:13:11', NULL),
(281, 1, 57, 2, 2, 4, 1, 57, '2018-06-29 22:21:25', NULL),
(282, 2, 57, 2, 2, 4, 2, 57, '2018-06-29 22:21:25', NULL),
(283, 2, 57, 2, 2, 4, 3, 57, '2018-06-29 22:21:25', NULL),
(284, 2, 57, 2, 2, 4, 4, 57, '2018-06-29 22:21:25', NULL),
(285, 2, 57, 2, 2, 4, 5, 57, '2018-06-29 22:21:25', NULL),
(286, 1, 58, 2, 2, 4, 1, 58, '2018-06-29 22:26:52', NULL),
(287, 2, 58, 2, 2, 4, 2, 58, '2018-06-29 22:26:52', NULL),
(288, 2, 58, 2, 2, 4, 3, 58, '2018-06-29 22:26:52', NULL),
(289, 2, 58, 2, 2, 4, 4, 58, '2018-06-29 22:26:52', NULL),
(290, 2, 58, 2, 2, 4, 5, 58, '2018-06-29 22:26:52', NULL),
(291, 1, 59, 2, 2, 4, 1, 59, '2018-06-29 22:38:00', NULL),
(292, 2, 59, 2, 2, 4, 2, 59, '2018-06-29 22:38:00', NULL),
(293, 2, 59, 2, 2, 4, 3, 59, '2018-06-29 22:38:00', NULL),
(294, 2, 59, 2, 2, 4, 4, 59, '2018-06-29 22:38:00', NULL),
(295, 2, 59, 2, 2, 4, 5, 59, '2018-06-29 22:38:00', NULL),
(296, 1, 60, 1, 1, 4, 1, 60, '2018-06-29 22:48:28', '2018-06-29 22:53:30'),
(297, 2, 60, 2, 2, 4, 2, 60, '2018-06-29 22:48:28', NULL),
(298, 2, 60, 2, 2, 4, 3, 60, '2018-06-29 22:48:28', NULL),
(299, 2, 60, 2, 2, 4, 4, 60, '2018-06-29 22:48:28', NULL),
(300, 2, 60, 2, 2, 4, 5, 60, '2018-06-29 22:48:28', NULL),
(301, 1, 61, 2, 2, 4, 1, 61, '2018-06-29 23:04:17', NULL),
(302, 2, 61, 2, 2, 4, 2, 61, '2018-06-29 23:04:17', NULL),
(303, 2, 61, 2, 2, 4, 3, 61, '2018-06-29 23:04:17', NULL),
(304, 2, 61, 2, 2, 4, 4, 61, '2018-06-29 23:04:17', NULL),
(305, 2, 61, 2, 2, 4, 5, 61, '2018-06-29 23:04:17', NULL),
(306, 1, 62, 2, 2, 4, 1, 62, '2018-06-29 23:11:35', NULL),
(307, 2, 62, 2, 2, 4, 2, 62, '2018-06-29 23:11:35', NULL),
(308, 2, 62, 2, 2, 4, 3, 62, '2018-06-29 23:11:35', NULL),
(309, 2, 62, 2, 2, 4, 4, 62, '2018-06-29 23:11:35', NULL),
(310, 2, 62, 2, 2, 4, 5, 62, '2018-06-29 23:11:35', NULL),
(311, 1, 63, 2, 2, 4, 1, 63, '2018-06-29 23:20:52', NULL),
(312, 2, 63, 2, 2, 4, 2, 63, '2018-06-29 23:20:52', NULL),
(313, 2, 63, 2, 2, 4, 3, 63, '2018-06-29 23:20:52', NULL),
(314, 2, 63, 2, 2, 4, 4, 63, '2018-06-29 23:20:52', NULL),
(315, 2, 63, 2, 2, 4, 5, 63, '2018-06-29 23:20:52', NULL),
(316, 1, 64, 2, 2, 4, 1, 64, '2018-06-29 23:27:34', NULL),
(317, 2, 64, 2, 2, 4, 2, 64, '2018-06-29 23:27:34', NULL),
(318, 2, 64, 2, 2, 4, 3, 64, '2018-06-29 23:27:34', NULL),
(319, 2, 64, 2, 2, 4, 4, 64, '2018-06-29 23:27:34', NULL),
(320, 2, 64, 2, 2, 4, 5, 64, '2018-06-29 23:27:34', NULL),
(321, 1, 65, 1, 1, 4, 1, 65, '2018-06-29 23:44:50', '2018-06-29 23:45:00'),
(322, 2, 65, 2, 2, 4, 2, 65, '2018-06-29 23:44:50', NULL),
(323, 2, 65, 2, 2, 4, 3, 65, '2018-06-29 23:44:50', NULL),
(324, 2, 65, 2, 2, 4, 4, 65, '2018-06-29 23:44:50', NULL),
(325, 2, 65, 2, 2, 4, 5, 65, '2018-06-29 23:44:50', NULL),
(326, 1, 66, 2, 2, 4, 1, 66, '2018-06-29 23:53:53', NULL),
(327, 2, 66, 2, 2, 4, 2, 66, '2018-06-29 23:53:53', NULL),
(328, 2, 66, 2, 2, 4, 3, 66, '2018-06-29 23:53:53', NULL),
(329, 2, 66, 2, 2, 4, 4, 66, '2018-06-29 23:53:53', NULL),
(330, 2, 66, 2, 2, 4, 5, 66, '2018-06-29 23:53:53', NULL),
(331, 1, 67, 2, 2, 4, 1, 67, '2018-06-29 23:57:43', NULL),
(332, 2, 67, 2, 2, 4, 2, 67, '2018-06-29 23:57:43', NULL),
(333, 2, 67, 2, 2, 4, 3, 67, '2018-06-29 23:57:43', NULL),
(334, 2, 67, 2, 2, 4, 4, 67, '2018-06-29 23:57:43', NULL),
(335, 2, 67, 2, 2, 4, 5, 67, '2018-06-29 23:57:43', NULL),
(336, 1, 68, 2, 2, 4, 1, 68, '2018-06-30 00:03:44', NULL),
(337, 2, 68, 2, 2, 4, 2, 68, '2018-06-30 00:03:44', NULL),
(338, 2, 68, 2, 2, 4, 3, 68, '2018-06-30 00:03:44', NULL),
(339, 2, 68, 2, 2, 4, 4, 68, '2018-06-30 00:03:44', NULL),
(340, 2, 68, 2, 2, 4, 5, 68, '2018-06-30 00:03:44', NULL),
(341, 1, 69, 2, 2, 4, 1, 69, '2018-06-30 00:09:08', NULL),
(342, 2, 69, 2, 2, 4, 2, 69, '2018-06-30 00:09:08', NULL),
(343, 2, 69, 2, 2, 4, 3, 69, '2018-06-30 00:09:08', NULL),
(344, 2, 69, 2, 2, 4, 4, 69, '2018-06-30 00:09:08', NULL),
(345, 2, 69, 2, 2, 4, 5, 69, '2018-06-30 00:09:08', NULL),
(346, 1, 70, 1, 1, 4, 1, 70, '2018-06-30 00:22:52', '2018-06-30 00:23:08'),
(347, 2, 70, 2, 2, 4, 2, 70, '2018-06-30 00:22:52', NULL),
(348, 2, 70, 2, 2, 4, 3, 70, '2018-06-30 00:22:52', NULL),
(349, 2, 70, 2, 2, 4, 4, 70, '2018-06-30 00:22:52', NULL),
(350, 2, 70, 2, 2, 4, 5, 70, '2018-06-30 00:22:52', NULL),
(351, 1, 71, 2, 2, 4, 1, 71, '2018-06-30 00:35:47', NULL),
(352, 2, 71, 2, 2, 4, 2, 71, '2018-06-30 00:35:47', NULL),
(353, 2, 71, 2, 2, 4, 3, 71, '2018-06-30 00:35:47', NULL),
(354, 2, 71, 2, 2, 4, 4, 71, '2018-06-30 00:35:47', NULL),
(355, 2, 71, 2, 2, 4, 5, 71, '2018-06-30 00:35:47', NULL),
(356, 1, 72, 2, 2, 4, 1, 72, '2018-06-30 00:41:58', NULL),
(357, 2, 72, 2, 2, 4, 2, 72, '2018-06-30 00:41:58', NULL),
(358, 2, 72, 2, 2, 4, 3, 72, '2018-06-30 00:41:58', NULL),
(359, 2, 72, 2, 2, 4, 4, 72, '2018-06-30 00:41:58', NULL),
(360, 2, 72, 2, 2, 4, 5, 72, '2018-06-30 00:41:58', NULL),
(361, 1, 73, 2, 2, 4, 1, 73, '2018-06-30 00:47:33', NULL),
(362, 2, 73, 2, 2, 4, 2, 73, '2018-06-30 00:47:33', NULL),
(363, 2, 73, 2, 2, 4, 3, 73, '2018-06-30 00:47:33', NULL),
(364, 2, 73, 2, 2, 4, 4, 73, '2018-06-30 00:47:33', NULL),
(365, 2, 73, 2, 2, 4, 5, 73, '2018-06-30 00:47:33', NULL),
(366, 1, 74, 2, 2, 4, 1, 74, '2018-06-30 00:53:21', NULL),
(367, 2, 74, 2, 2, 4, 2, 74, '2018-06-30 00:53:21', NULL),
(368, 2, 74, 2, 2, 4, 3, 74, '2018-06-30 00:53:21', NULL),
(369, 2, 74, 2, 2, 4, 4, 74, '2018-06-30 00:53:21', NULL),
(370, 2, 74, 2, 2, 4, 5, 74, '2018-06-30 00:53:21', NULL),
(371, 1, 75, 1, 1, 5, 1, 75, '2018-06-30 09:37:59', '2018-06-30 09:38:43'),
(372, 1, 75, 1, 1, 5, 2, 75, '2018-06-30 09:37:59', '2018-07-09 13:31:24'),
(373, 2, 75, 2, 2, 4, 3, 75, '2018-06-30 09:37:59', NULL),
(374, 2, 75, 2, 2, 4, 4, 75, '2018-06-30 09:37:59', NULL),
(375, 2, 75, 2, 2, 4, 5, 75, '2018-06-30 09:37:59', NULL),
(376, 1, 76, 2, 2, 4, 1, 76, '2018-06-30 10:37:00', NULL),
(377, 1, 76, 2, 2, 4, 2, 76, '2018-06-30 10:37:00', '2018-07-09 13:31:03'),
(378, 2, 76, 2, 2, 4, 3, 76, '2018-06-30 10:37:00', NULL),
(379, 2, 76, 2, 2, 4, 4, 76, '2018-06-30 10:37:00', NULL),
(380, 2, 76, 2, 2, 4, 5, 76, '2018-06-30 10:37:00', NULL),
(381, 1, 77, 2, 2, 4, 1, 77, '2018-06-30 11:56:30', NULL),
(382, 1, 77, 2, 2, 4, 2, 77, '2018-06-30 11:56:30', '2018-07-09 13:31:03'),
(383, 2, 77, 2, 2, 4, 3, 77, '2018-06-30 11:56:30', NULL),
(384, 2, 77, 2, 2, 4, 4, 77, '2018-06-30 11:56:30', NULL),
(385, 2, 77, 2, 2, 4, 5, 77, '2018-06-30 11:56:30', NULL),
(386, 1, 78, 2, 2, 4, 1, 78, '2018-06-30 12:58:43', NULL),
(387, 1, 78, 2, 2, 4, 2, 78, '2018-06-30 12:58:43', '2018-07-09 13:31:05'),
(388, 2, 78, 2, 2, 4, 3, 78, '2018-06-30 12:58:43', NULL),
(389, 2, 78, 2, 2, 4, 4, 78, '2018-06-30 12:58:43', NULL),
(390, 2, 78, 2, 2, 4, 5, 78, '2018-06-30 12:58:43', NULL),
(391, 1, 79, 2, 2, 4, 1, 79, '2018-06-30 13:09:24', NULL),
(392, 1, 79, 2, 2, 4, 2, 79, '2018-06-30 13:09:24', '2018-07-09 13:31:07'),
(393, 2, 79, 2, 2, 4, 3, 79, '2018-06-30 13:09:24', NULL),
(394, 2, 79, 2, 2, 4, 4, 79, '2018-06-30 13:09:24', NULL),
(395, 2, 79, 2, 2, 4, 5, 79, '2018-06-30 13:09:24', NULL),
(396, 1, 80, 2, 2, 4, 1, 80, '2018-06-30 13:38:39', NULL),
(397, 1, 80, 2, 2, 4, 2, 80, '2018-06-30 13:38:39', '2018-07-09 13:31:08'),
(398, 2, 80, 2, 2, 4, 3, 80, '2018-06-30 13:38:39', NULL),
(399, 2, 80, 2, 2, 4, 4, 80, '2018-06-30 13:38:39', NULL),
(400, 2, 80, 2, 2, 4, 5, 80, '2018-06-30 13:38:39', NULL),
(401, 1, 81, 2, 2, 4, 1, 81, '2018-06-30 13:48:08', NULL),
(402, 1, 81, 2, 2, 4, 2, 81, '2018-06-30 13:48:08', '2018-07-09 13:31:38'),
(403, 2, 81, 2, 2, 4, 3, 81, '2018-06-30 13:48:08', NULL),
(404, 2, 81, 2, 2, 4, 4, 81, '2018-06-30 13:48:08', NULL),
(405, 2, 81, 2, 2, 4, 5, 81, '2018-06-30 13:48:08', NULL),
(406, 1, 82, 1, 1, 5, 1, 82, '2018-06-30 14:26:36', '2018-06-30 14:26:53'),
(407, 1, 82, 1, 1, 5, 2, 82, '2018-06-30 14:26:36', '2018-07-09 13:31:51'),
(408, 2, 82, 2, 2, 4, 3, 82, '2018-06-30 14:26:36', NULL),
(409, 2, 82, 2, 2, 4, 4, 82, '2018-06-30 14:26:36', NULL),
(410, 2, 82, 2, 2, 4, 5, 82, '2018-06-30 14:26:36', NULL),
(411, 1, 83, 1, 1, 5, 1, 83, '2018-06-30 15:08:03', '2018-06-30 15:08:37'),
(412, 1, 83, 1, 1, 5, 2, 83, '2018-06-30 15:08:03', '2018-07-09 13:32:06'),
(413, 2, 83, 2, 2, 4, 3, 83, '2018-06-30 15:08:03', NULL),
(414, 2, 83, 2, 2, 4, 4, 83, '2018-06-30 15:08:03', NULL),
(415, 2, 83, 2, 2, 4, 5, 83, '2018-06-30 15:08:03', NULL),
(416, 1, 84, 1, 1, 5, 1, 84, '2018-06-30 17:09:39', '2018-06-30 17:09:56'),
(417, 1, 84, 1, 1, 5, 2, 84, '2018-06-30 17:09:39', '2018-07-09 13:32:14'),
(418, 2, 84, 2, 2, 4, 3, 84, '2018-06-30 17:09:39', NULL),
(419, 2, 84, 2, 2, 4, 4, 84, '2018-06-30 17:09:39', NULL),
(420, 2, 84, 2, 2, 4, 5, 84, '2018-06-30 17:09:39', NULL),
(421, 1, 85, 2, 2, 4, 1, 85, '2018-06-30 17:15:39', NULL),
(422, 1, 85, 2, 2, 4, 2, 85, '2018-06-30 17:15:39', '2018-07-09 13:32:16'),
(423, 2, 85, 2, 2, 4, 3, 85, '2018-06-30 17:15:39', NULL),
(424, 2, 85, 2, 2, 4, 4, 85, '2018-06-30 17:15:39', NULL),
(425, 2, 85, 2, 2, 4, 5, 85, '2018-06-30 17:15:39', NULL),
(426, 1, 86, 2, 2, 4, 1, 86, '2018-06-30 17:26:16', NULL),
(427, 1, 86, 2, 2, 4, 2, 86, '2018-06-30 17:26:16', '2018-07-09 13:32:19'),
(428, 2, 86, 2, 2, 4, 3, 86, '2018-06-30 17:26:16', NULL),
(429, 2, 86, 2, 2, 4, 4, 86, '2018-06-30 17:26:16', NULL),
(430, 2, 86, 2, 2, 4, 5, 86, '2018-06-30 17:26:16', NULL),
(431, 1, 87, 2, 2, 4, 1, 87, '2018-07-04 10:03:09', NULL),
(432, 1, 87, 2, 2, 4, 2, 87, '2018-07-04 10:03:09', '2018-07-09 13:32:21'),
(433, 2, 87, 2, 2, 4, 3, 87, '2018-07-04 10:03:09', NULL),
(434, 2, 87, 2, 2, 4, 4, 87, '2018-07-04 10:03:09', NULL),
(435, 2, 87, 2, 2, 4, 5, 87, '2018-07-04 10:03:09', NULL),
(436, 1, 88, 2, 2, 4, 1, 88, '2018-07-04 11:09:57', NULL),
(437, 1, 88, 2, 2, 4, 2, 88, '2018-07-04 11:09:57', '2018-07-09 13:32:22'),
(438, 2, 88, 2, 2, 4, 3, 88, '2018-07-04 11:09:57', NULL),
(439, 2, 88, 2, 2, 4, 4, 88, '2018-07-04 11:09:57', NULL),
(440, 2, 88, 2, 2, 4, 5, 88, '2018-07-04 11:09:57', NULL),
(441, 1, 89, 2, 2, 4, 1, 89, '2018-07-04 11:19:06', NULL),
(442, 1, 89, 2, 2, 4, 2, 89, '2018-07-04 11:19:06', '2018-07-09 13:32:23'),
(443, 2, 89, 2, 2, 4, 3, 89, '2018-07-04 11:19:06', NULL),
(444, 2, 89, 2, 2, 4, 4, 89, '2018-07-04 11:19:06', NULL),
(445, 2, 89, 2, 2, 4, 5, 89, '2018-07-04 11:19:06', NULL),
(446, 1, 90, 2, 2, 4, 1, 90, '2018-07-04 11:24:12', NULL),
(447, 1, 90, 2, 2, 4, 2, 90, '2018-07-04 11:24:12', '2018-07-09 13:32:24'),
(448, 2, 90, 2, 2, 4, 3, 90, '2018-07-04 11:24:12', NULL),
(449, 2, 90, 2, 2, 4, 4, 90, '2018-07-04 11:24:12', NULL),
(450, 2, 90, 2, 2, 4, 5, 90, '2018-07-04 11:24:12', NULL),
(451, 1, 91, 1, 1, 5, 1, 91, '2018-07-04 12:13:02', '2018-07-04 12:13:19'),
(452, 1, 91, 1, 1, 5, 2, 91, '2018-07-04 12:13:02', '2018-07-09 13:32:37'),
(453, 2, 91, 2, 2, 4, 3, 91, '2018-07-04 12:13:02', NULL),
(454, 2, 91, 2, 2, 4, 4, 91, '2018-07-04 12:13:02', NULL),
(455, 2, 91, 2, 2, 4, 5, 91, '2018-07-04 12:13:02', NULL),
(456, 1, 92, 2, 2, 4, 1, 92, '2018-07-04 12:28:32', NULL),
(457, 1, 92, 2, 2, 4, 2, 92, '2018-07-04 12:28:32', '2018-07-09 13:32:40'),
(458, 2, 92, 2, 2, 4, 3, 92, '2018-07-04 12:28:32', NULL),
(459, 2, 92, 2, 2, 4, 4, 92, '2018-07-04 12:28:32', NULL),
(460, 2, 92, 2, 2, 4, 5, 92, '2018-07-04 12:28:32', NULL),
(461, 1, 93, 2, 2, 4, 1, 93, '2018-07-04 12:42:04', NULL),
(462, 1, 93, 2, 2, 4, 2, 93, '2018-07-04 12:42:04', '2018-07-09 13:32:41'),
(463, 2, 93, 2, 2, 4, 3, 93, '2018-07-04 12:42:04', NULL),
(464, 2, 93, 2, 2, 4, 4, 93, '2018-07-04 12:42:04', NULL),
(465, 2, 93, 2, 2, 4, 5, 93, '2018-07-04 12:42:04', NULL),
(466, 1, 94, 1, 1, 5, 1, 94, '2018-07-04 13:13:52', '2018-07-04 13:14:09'),
(467, 1, 94, 1, 1, 5, 2, 94, '2018-07-04 13:13:52', '2018-07-09 13:32:52'),
(468, 2, 94, 2, 2, 4, 3, 94, '2018-07-04 13:13:52', NULL),
(469, 2, 94, 2, 2, 4, 4, 94, '2018-07-04 13:13:52', NULL),
(470, 2, 94, 2, 2, 4, 5, 94, '2018-07-04 13:13:52', NULL),
(471, 1, 95, 1, 1, 5, 1, 95, '2018-07-04 14:01:38', '2018-07-04 14:02:08'),
(472, 2, 95, 2, 2, 4, 2, 95, '2018-07-04 14:01:38', NULL),
(473, 2, 95, 2, 2, 4, 3, 95, '2018-07-04 14:01:38', NULL),
(474, 2, 95, 2, 2, 4, 4, 95, '2018-07-04 14:01:38', NULL),
(475, 2, 95, 2, 2, 4, 5, 95, '2018-07-04 14:01:38', NULL),
(476, 1, 96, 2, 2, 4, 1, 96, '2018-07-04 14:33:25', NULL),
(477, 2, 96, 2, 2, 4, 2, 96, '2018-07-04 14:33:25', NULL),
(478, 2, 96, 2, 2, 4, 3, 96, '2018-07-04 14:33:25', NULL),
(479, 2, 96, 2, 2, 4, 4, 96, '2018-07-04 14:33:25', NULL),
(480, 2, 96, 2, 2, 4, 5, 96, '2018-07-04 14:33:25', NULL),
(481, 1, 97, 2, 2, 4, 1, 97, '2018-07-04 14:43:23', NULL),
(482, 2, 97, 2, 2, 4, 2, 97, '2018-07-04 14:43:23', NULL),
(483, 2, 97, 2, 2, 4, 3, 97, '2018-07-04 14:43:23', NULL),
(484, 2, 97, 2, 2, 4, 4, 97, '2018-07-04 14:43:23', NULL),
(485, 2, 97, 2, 2, 4, 5, 97, '2018-07-04 14:43:23', NULL),
(486, 1, 98, 2, 2, 4, 1, 98, '2018-07-04 15:04:06', NULL),
(487, 2, 98, 2, 2, 4, 2, 98, '2018-07-04 15:04:06', NULL),
(488, 2, 98, 2, 2, 4, 3, 98, '2018-07-04 15:04:06', NULL),
(489, 2, 98, 2, 2, 4, 4, 98, '2018-07-04 15:04:06', NULL),
(490, 2, 98, 2, 2, 4, 5, 98, '2018-07-04 15:04:06', NULL),
(491, 1, 99, 2, 2, 4, 1, 99, '2018-07-04 15:25:59', NULL),
(492, 2, 99, 2, 2, 4, 2, 99, '2018-07-04 15:25:59', NULL),
(493, 2, 99, 2, 2, 4, 3, 99, '2018-07-04 15:25:59', NULL),
(494, 2, 99, 2, 2, 4, 4, 99, '2018-07-04 15:25:59', NULL),
(495, 2, 99, 2, 2, 4, 5, 99, '2018-07-04 15:25:59', NULL),
(496, 1, 100, 1, 1, 5, 1, 100, '2018-07-04 15:40:34', '2018-07-04 15:41:00'),
(497, 2, 100, 2, 2, 4, 2, 100, '2018-07-04 15:40:34', NULL),
(498, 2, 100, 2, 2, 4, 3, 100, '2018-07-04 15:40:34', NULL),
(499, 2, 100, 2, 2, 4, 4, 100, '2018-07-04 15:40:34', NULL),
(500, 2, 100, 2, 2, 4, 5, 100, '2018-07-04 15:40:34', NULL),
(501, 1, 101, 2, 2, 4, 1, 101, '2018-07-04 15:54:01', NULL),
(502, 2, 101, 2, 2, 4, 2, 101, '2018-07-04 15:54:01', NULL),
(503, 2, 101, 2, 2, 4, 3, 101, '2018-07-04 15:54:01', NULL),
(504, 2, 101, 2, 2, 4, 4, 101, '2018-07-04 15:54:01', NULL),
(505, 2, 101, 2, 2, 4, 5, 101, '2018-07-04 15:54:01', NULL),
(506, 1, 102, 2, 2, 4, 1, 102, '2018-07-04 16:02:08', NULL),
(507, 2, 102, 2, 2, 4, 2, 102, '2018-07-04 16:02:08', NULL),
(508, 2, 102, 2, 2, 4, 3, 102, '2018-07-04 16:02:08', NULL),
(509, 2, 102, 2, 2, 4, 4, 102, '2018-07-04 16:02:08', NULL),
(510, 2, 102, 2, 2, 4, 5, 102, '2018-07-04 16:02:08', NULL),
(511, 1, 103, 2, 2, 4, 1, 103, '2018-07-04 16:07:23', NULL),
(512, 2, 103, 2, 2, 4, 2, 103, '2018-07-04 16:07:23', NULL),
(513, 2, 103, 2, 2, 4, 3, 103, '2018-07-04 16:07:23', NULL),
(514, 2, 103, 2, 2, 4, 4, 103, '2018-07-04 16:07:23', NULL),
(515, 2, 103, 2, 2, 4, 5, 103, '2018-07-04 16:07:23', NULL),
(516, 1, 104, 2, 2, 4, 1, 104, '2018-07-04 16:18:22', NULL),
(517, 2, 104, 2, 2, 4, 2, 104, '2018-07-04 16:18:22', NULL),
(518, 2, 104, 2, 2, 4, 3, 104, '2018-07-04 16:18:22', NULL),
(519, 2, 104, 2, 2, 4, 4, 104, '2018-07-04 16:18:22', NULL),
(520, 2, 104, 2, 2, 4, 5, 104, '2018-07-04 16:18:22', NULL),
(521, 1, 105, 1, 1, 5, 1, 105, '2018-07-05 10:39:49', '2018-07-05 10:40:07'),
(522, 1, 105, 1, 1, 5, 2, 105, '2018-07-05 10:39:49', '2018-07-09 13:33:11'),
(523, 2, 105, 2, 2, 4, 3, 105, '2018-07-05 10:39:49', NULL),
(524, 2, 105, 2, 2, 4, 4, 105, '2018-07-05 10:39:49', NULL),
(525, 2, 105, 2, 2, 4, 5, 105, '2018-07-05 10:39:49', NULL),
(526, 1, 106, 2, 2, 4, 1, 106, '2018-07-05 11:41:42', NULL),
(527, 1, 106, 2, 2, 4, 2, 106, '2018-07-05 11:41:42', '2018-07-09 13:33:14'),
(528, 2, 106, 2, 2, 4, 3, 106, '2018-07-05 11:41:42', NULL),
(529, 2, 106, 2, 2, 4, 4, 106, '2018-07-05 11:41:42', NULL),
(530, 2, 106, 2, 2, 4, 5, 106, '2018-07-05 11:41:42', NULL),
(531, 1, 107, 2, 2, 4, 1, 107, '2018-07-05 11:50:52', NULL),
(532, 1, 107, 2, 2, 4, 2, 107, '2018-07-05 11:50:52', '2018-07-09 13:33:15'),
(533, 2, 107, 2, 2, 4, 3, 107, '2018-07-05 11:50:52', NULL),
(534, 2, 107, 2, 2, 4, 4, 107, '2018-07-05 11:50:52', NULL),
(535, 2, 107, 2, 2, 4, 5, 107, '2018-07-05 11:50:52', NULL),
(536, 1, 108, 2, 2, 4, 1, 108, '2018-07-05 11:59:25', NULL),
(537, 1, 108, 2, 2, 4, 2, 108, '2018-07-05 11:59:25', '2018-07-09 13:33:16'),
(538, 2, 108, 2, 2, 4, 3, 108, '2018-07-05 11:59:25', NULL),
(539, 2, 108, 2, 2, 4, 4, 108, '2018-07-05 11:59:25', NULL),
(540, 2, 108, 2, 2, 4, 5, 108, '2018-07-05 11:59:25', NULL),
(541, 1, 109, 2, 2, 4, 1, 109, '2018-07-05 12:10:48', NULL),
(542, 1, 109, 2, 2, 4, 2, 109, '2018-07-05 12:10:48', '2018-07-09 13:33:17'),
(543, 2, 109, 2, 2, 4, 3, 109, '2018-07-05 12:10:48', NULL),
(544, 2, 109, 2, 2, 4, 4, 109, '2018-07-05 12:10:48', NULL),
(545, 2, 109, 2, 2, 4, 5, 109, '2018-07-05 12:10:48', NULL),
(546, 1, 110, 2, 2, 4, 1, 110, '2018-07-05 12:19:32', NULL),
(547, 1, 110, 2, 2, 4, 2, 110, '2018-07-05 12:19:32', '2018-07-09 13:33:25'),
(548, 2, 110, 2, 2, 4, 3, 110, '2018-07-05 12:19:32', NULL),
(549, 2, 110, 2, 2, 4, 4, 110, '2018-07-05 12:19:32', NULL),
(550, 2, 110, 2, 2, 4, 5, 110, '2018-07-05 12:19:32', NULL),
(551, 1, 111, 1, 1, 5, 1, 111, '2018-07-05 12:26:51', '2018-07-05 12:27:21'),
(552, 1, 111, 1, 1, 5, 2, 111, '2018-07-05 12:26:51', '2018-07-05 14:37:07'),
(553, 2, 111, 2, 2, 4, 3, 111, '2018-07-05 12:26:51', NULL),
(554, 2, 111, 2, 2, 4, 4, 111, '2018-07-05 12:26:51', NULL),
(555, 2, 111, 2, 2, 5, 5, 111, '2018-07-05 12:26:51', '2018-07-09 13:39:23'),
(556, 1, 112, 2, 2, 4, 1, 112, '2018-07-05 12:41:20', NULL),
(557, 1, 112, 2, 2, 4, 2, 112, '2018-07-05 12:41:20', '2018-07-05 15:05:56'),
(558, 2, 112, 2, 2, 4, 3, 112, '2018-07-05 12:41:20', NULL),
(559, 2, 112, 2, 2, 4, 4, 112, '2018-07-05 12:41:20', NULL),
(560, 2, 112, 2, 2, 4, 5, 112, '2018-07-05 12:41:20', '2018-07-09 13:39:16'),
(561, 1, 113, 2, 2, 4, 1, 113, '2018-07-05 13:21:28', NULL),
(562, 1, 113, 2, 2, 4, 2, 113, '2018-07-05 13:21:28', '2018-07-05 14:36:42'),
(563, 2, 113, 2, 2, 4, 3, 113, '2018-07-05 13:21:28', NULL),
(564, 2, 113, 2, 2, 4, 4, 113, '2018-07-05 13:21:28', NULL),
(565, 2, 113, 2, 2, 4, 5, 113, '2018-07-05 13:21:28', '2018-07-09 13:39:14'),
(566, 1, 114, 2, 2, 4, 1, 114, '2018-07-05 14:26:11', NULL),
(567, 1, 114, 2, 2, 4, 2, 114, '2018-07-05 14:26:11', '2018-07-09 13:33:38'),
(568, 2, 114, 2, 2, 4, 3, 114, '2018-07-05 14:26:11', NULL),
(569, 2, 114, 2, 2, 4, 4, 114, '2018-07-05 14:26:11', NULL),
(570, 2, 114, 2, 2, 4, 5, 114, '2018-07-05 14:26:11', NULL),
(571, 1, 115, 2, 2, 4, 1, 115, '2018-07-05 14:47:02', NULL),
(572, 1, 115, 2, 2, 4, 2, 115, '2018-07-05 14:47:02', '2018-07-05 15:05:19'),
(573, 2, 115, 2, 2, 4, 3, 115, '2018-07-05 14:47:02', NULL),
(574, 2, 115, 2, 2, 4, 4, 115, '2018-07-05 14:47:02', NULL),
(575, 2, 115, 2, 2, 4, 5, 115, '2018-07-05 14:47:02', '2018-07-09 13:39:09'),
(576, 1, 116, 2, 2, 4, 1, 116, '2018-07-05 15:01:41', NULL),
(577, 1, 116, 2, 2, 4, 2, 116, '2018-07-05 15:01:41', '2018-07-09 13:33:42'),
(578, 2, 116, 2, 2, 4, 3, 116, '2018-07-05 15:01:41', NULL),
(579, 2, 116, 2, 2, 4, 4, 116, '2018-07-05 15:01:41', NULL),
(580, 2, 116, 2, 2, 4, 5, 116, '2018-07-05 15:01:41', NULL),
(581, 1, 117, 2, 2, 4, 1, 117, '2018-07-05 15:36:16', NULL),
(582, 1, 117, 2, 2, 4, 2, 117, '2018-07-05 15:36:16', '2018-07-09 13:33:47'),
(583, 2, 117, 2, 2, 4, 3, 117, '2018-07-05 15:36:16', NULL),
(584, 2, 117, 2, 2, 4, 4, 117, '2018-07-05 15:36:16', NULL),
(585, 2, 117, 2, 2, 4, 5, 117, '2018-07-05 15:36:16', '2018-07-09 13:39:07'),
(586, 1, 118, 1, 1, 5, 1, 118, '2018-07-06 15:27:38', '2018-07-06 22:42:00'),
(587, 2, 118, 2, 2, 4, 2, 118, '2018-07-06 15:27:38', NULL),
(588, 2, 118, 2, 2, 4, 3, 118, '2018-07-06 15:27:38', NULL),
(589, 2, 118, 2, 2, 4, 4, 118, '2018-07-06 15:27:38', NULL),
(590, 2, 118, 2, 2, 4, 5, 118, '2018-07-06 15:27:38', NULL),
(591, 1, 119, 2, 2, 4, 1, 119, '2018-07-06 23:03:00', NULL),
(592, 2, 119, 2, 2, 4, 2, 119, '2018-07-06 23:03:00', NULL),
(593, 2, 119, 2, 2, 4, 3, 119, '2018-07-06 23:03:00', NULL),
(594, 2, 119, 2, 2, 4, 4, 119, '2018-07-06 23:03:00', NULL),
(595, 2, 119, 2, 2, 4, 5, 119, '2018-07-06 23:03:00', NULL),
(596, 1, 120, 2, 2, 4, 1, 120, '2018-07-06 23:36:10', NULL),
(597, 2, 120, 2, 2, 4, 2, 120, '2018-07-06 23:36:10', NULL),
(598, 2, 120, 2, 2, 4, 3, 120, '2018-07-06 23:36:10', NULL),
(599, 2, 120, 2, 2, 4, 4, 120, '2018-07-06 23:36:10', NULL),
(600, 2, 120, 2, 2, 4, 5, 120, '2018-07-06 23:36:10', NULL),
(601, 1, 121, 2, 2, 4, 1, 121, '2018-07-06 23:49:47', NULL),
(602, 2, 121, 2, 2, 4, 2, 121, '2018-07-06 23:49:47', NULL),
(603, 2, 121, 2, 2, 4, 3, 121, '2018-07-06 23:49:47', NULL),
(604, 2, 121, 2, 2, 4, 4, 121, '2018-07-06 23:49:47', NULL),
(605, 2, 121, 2, 2, 4, 5, 121, '2018-07-06 23:49:47', NULL),
(606, 1, 122, 2, 2, 4, 1, 122, '2018-07-06 23:57:48', NULL),
(607, 2, 122, 2, 2, 4, 2, 122, '2018-07-06 23:57:48', NULL),
(608, 2, 122, 2, 2, 4, 3, 122, '2018-07-06 23:57:48', NULL),
(609, 2, 122, 2, 2, 4, 4, 122, '2018-07-06 23:57:48', NULL),
(610, 2, 122, 2, 2, 4, 5, 122, '2018-07-06 23:57:48', NULL),
(611, 1, 123, 1, 1, 5, 1, 123, '2018-07-07 00:19:46', '2018-07-07 00:20:09'),
(612, 2, 123, 2, 2, 4, 2, 123, '2018-07-07 00:19:46', NULL),
(613, 2, 123, 2, 2, 4, 3, 123, '2018-07-07 00:19:46', NULL),
(614, 2, 123, 2, 2, 4, 4, 123, '2018-07-07 00:19:46', NULL),
(615, 2, 123, 2, 2, 4, 5, 123, '2018-07-07 00:19:46', NULL),
(616, 1, 124, 2, 2, 4, 1, 124, '2018-07-07 00:34:02', NULL),
(617, 2, 124, 2, 2, 4, 2, 124, '2018-07-07 00:34:02', NULL),
(618, 2, 124, 2, 2, 4, 3, 124, '2018-07-07 00:34:02', NULL),
(619, 2, 124, 2, 2, 4, 4, 124, '2018-07-07 00:34:02', NULL),
(620, 2, 124, 2, 2, 4, 5, 124, '2018-07-07 00:34:02', NULL),
(621, 1, 125, 2, 2, 4, 1, 125, '2018-07-07 00:42:55', NULL),
(622, 2, 125, 2, 2, 4, 2, 125, '2018-07-07 00:42:55', NULL),
(623, 2, 125, 2, 2, 4, 3, 125, '2018-07-07 00:42:55', NULL),
(624, 2, 125, 2, 2, 4, 4, 125, '2018-07-07 00:42:55', NULL),
(625, 2, 125, 2, 2, 4, 5, 125, '2018-07-07 00:42:55', NULL),
(626, 1, 126, 2, 2, 4, 1, 126, '2018-07-07 00:53:17', NULL),
(627, 2, 126, 2, 2, 4, 2, 126, '2018-07-07 00:53:17', NULL),
(628, 2, 126, 2, 2, 4, 3, 126, '2018-07-07 00:53:17', NULL),
(629, 2, 126, 2, 2, 4, 4, 126, '2018-07-07 00:53:17', NULL),
(630, 2, 126, 2, 2, 4, 5, 126, '2018-07-07 00:53:17', NULL),
(631, 1, 127, 2, 2, 4, 1, 127, '2018-07-07 01:00:01', NULL),
(632, 2, 127, 2, 2, 4, 2, 127, '2018-07-07 01:00:01', NULL),
(633, 2, 127, 2, 2, 4, 3, 127, '2018-07-07 01:00:01', NULL),
(634, 2, 127, 2, 2, 4, 4, 127, '2018-07-07 01:00:01', NULL),
(635, 2, 127, 2, 2, 4, 5, 127, '2018-07-07 01:00:01', NULL),
(636, 1, 128, 2, 2, 4, 1, 128, '2018-07-07 01:04:25', NULL),
(637, 2, 128, 2, 2, 4, 2, 128, '2018-07-07 01:04:25', NULL),
(638, 2, 128, 2, 2, 4, 3, 128, '2018-07-07 01:04:25', NULL),
(639, 2, 128, 2, 2, 4, 4, 128, '2018-07-07 01:04:25', NULL),
(640, 2, 128, 2, 2, 4, 5, 128, '2018-07-07 01:04:25', NULL),
(641, 1, 129, 1, 1, 5, 1, 129, '2018-07-07 01:13:20', '2018-07-07 01:14:24'),
(642, 1, 129, 1, 1, 5, 2, 129, '2018-07-07 01:13:20', '2018-07-09 13:34:38'),
(643, 2, 129, 2, 2, 4, 3, 129, '2018-07-07 01:13:20', NULL),
(644, 2, 129, 2, 2, 4, 4, 129, '2018-07-07 01:13:20', NULL),
(645, 2, 129, 2, 2, 4, 5, 129, '2018-07-07 01:13:20', NULL),
(646, 1, 130, 2, 2, 4, 1, 130, '2018-07-07 01:29:24', NULL),
(647, 1, 130, 2, 2, 4, 2, 130, '2018-07-07 01:29:24', '2018-07-09 13:34:57'),
(648, 2, 130, 2, 2, 4, 3, 130, '2018-07-07 01:29:24', NULL),
(649, 2, 130, 2, 2, 4, 4, 130, '2018-07-07 01:29:24', NULL),
(650, 2, 130, 2, 2, 4, 5, 130, '2018-07-07 01:29:24', NULL),
(651, 1, 131, 2, 2, 4, 1, 131, '2018-07-07 01:30:39', NULL),
(652, 1, 131, 2, 2, 4, 2, 131, '2018-07-07 01:30:39', '2018-07-09 13:35:00'),
(653, 2, 131, 2, 2, 4, 3, 131, '2018-07-07 01:30:39', NULL),
(654, 2, 131, 2, 2, 4, 4, 131, '2018-07-07 01:30:39', NULL),
(655, 2, 131, 2, 2, 4, 5, 131, '2018-07-07 01:30:39', NULL),
(656, 1, 132, 2, 2, 4, 1, 132, '2018-07-07 01:31:47', NULL),
(657, 1, 132, 2, 2, 4, 2, 132, '2018-07-07 01:31:47', '2018-07-09 13:35:02'),
(658, 2, 132, 2, 2, 4, 3, 132, '2018-07-07 01:31:47', NULL),
(659, 2, 132, 2, 2, 4, 4, 132, '2018-07-07 01:31:47', NULL),
(660, 2, 132, 2, 2, 4, 5, 132, '2018-07-07 01:31:47', NULL),
(661, 1, 133, 2, 2, 4, 1, 133, '2018-07-07 01:32:54', NULL),
(662, 1, 133, 2, 2, 4, 2, 133, '2018-07-07 01:32:54', '2018-07-09 13:35:03'),
(663, 2, 133, 2, 2, 4, 3, 133, '2018-07-07 01:32:54', NULL),
(664, 2, 133, 2, 2, 4, 4, 133, '2018-07-07 01:32:54', NULL),
(665, 2, 133, 2, 2, 4, 5, 133, '2018-07-07 01:32:54', NULL),
(666, 1, 134, 2, 2, 4, 1, 134, '2018-07-07 01:34:17', NULL),
(667, 1, 134, 2, 2, 4, 2, 134, '2018-07-07 01:34:17', '2018-07-09 13:35:04'),
(668, 2, 134, 2, 2, 4, 3, 134, '2018-07-07 01:34:17', NULL),
(669, 2, 134, 2, 2, 4, 4, 134, '2018-07-07 01:34:17', NULL),
(670, 2, 134, 2, 2, 4, 5, 134, '2018-07-07 01:34:17', NULL),
(671, 1, 135, 2, 2, 4, 1, 135, '2018-07-07 01:37:27', NULL),
(672, 1, 135, 2, 2, 4, 2, 135, '2018-07-07 01:37:27', '2018-07-09 13:35:05'),
(673, 2, 135, 2, 2, 4, 3, 135, '2018-07-07 01:37:27', NULL),
(674, 2, 135, 2, 2, 4, 4, 135, '2018-07-07 01:37:27', NULL),
(675, 2, 135, 2, 2, 4, 5, 135, '2018-07-07 01:37:27', NULL),
(676, 1, 136, 2, 2, 4, 1, 136, '2018-07-08 18:38:42', NULL),
(677, 1, 136, 2, 2, 4, 2, 136, '2018-07-08 18:38:42', '2018-07-09 13:35:06'),
(678, 2, 136, 2, 2, 4, 3, 136, '2018-07-08 18:38:42', NULL),
(679, 2, 136, 2, 2, 4, 4, 136, '2018-07-08 18:38:42', NULL),
(680, 2, 136, 2, 2, 4, 5, 136, '2018-07-08 18:38:42', NULL),
(681, 1, 137, 1, 1, 5, 1, 137, '2018-07-09 12:56:21', '2018-07-09 12:56:52'),
(682, 1, 137, 1, 1, 5, 2, 137, '2018-07-09 12:56:21', '2018-07-09 13:35:14'),
(683, 2, 137, 2, 2, 4, 3, 137, '2018-07-09 12:56:21', NULL),
(684, 2, 137, 2, 2, 4, 4, 137, '2018-07-09 12:56:21', NULL),
(685, 2, 137, 2, 2, 4, 5, 137, '2018-07-09 12:56:21', NULL);

DROP TABLE IF EXISTS `adms_niveis_acessos`;
CREATE TABLE IF NOT EXISTS `adms_niveis_acessos` (
  `id` int(11) NOT NULL AUTO_INCREMENT,
  `nome` varchar(50) COLLATE utf8_unicode_ci NOT NULL,
  `ordem` int(11) NOT NULL,
  `created` datetime NOT NULL,
  `modified` datetime DEFAULT NULL,
  PRIMARY KEY (`id`)
) ENGINE=MyISAM AUTO_INCREMENT=6 DEFAULT CHARSET=utf8 COLLATE=utf8_unicode_ci;

INSERT INTO `adms_niveis_acessos` (`id`, `nome`, `ordem`, `created`, `modified`) VALUES
(1, 'Super Administrador', 1, '2018-05-23 00:00:00', '2018-06-20 19:16:20'),
(2, 'Administrador', 2, '2018-05-23 00:00:00', '2018-06-20 20:06:53'),
(3, 'Colaborador', 3, '2018-05-23 00:00:00', '2018-06-20 20:11:13'),
(4, 'Financeiro', 4, '2018-05-23 00:00:00', '2018-06-20 20:11:13'),
(5, 'Cliente', 5, '2018-05-23 00:00:00', '2018-06-20 20:11:13');

DROP TABLE IF EXISTS `adms_paginas`;
CREATE TABLE IF NOT EXISTS `adms_paginas` (
  `id` int(11) NOT NULL AUTO_INCREMENT,
  `controller` varchar(220) COLLATE utf8_unicode_ci NOT NULL,
  `metodo` varchar(220) COLLATE utf8_unicode_ci NOT NULL,
  `menu_controller` varchar(220) COLLATE utf8_unicode_ci NOT NULL,
  `menu_metodo` varchar(220) COLLATE utf8_unicode_ci NOT NULL,
  `nome_pagina` varchar(220) COLLATE utf8_unicode_ci NOT NULL,
  `obs` text COLLATE utf8_unicode_ci NOT NULL,
  `lib_pub` int(11) NOT NULL DEFAULT '2',
  `icone` varchar(40) COLLATE utf8_unicode_ci DEFAULT NULL,
  `adms_grps_pg_id` int(11) NOT NULL,
  `adms_tps_pg_id` int(11) NOT NULL,
  `adms_sits_pg_id` int(11) NOT NULL,
  `created` datetime NOT NULL,
  `modified` datetime DEFAULT NULL,
  PRIMARY KEY (`id`)
) ENGINE=MyISAM AUTO_INCREMENT=138 DEFAULT CHARSET=utf8 COLLATE=utf8_unicode_ci;

INSERT INTO `adms_paginas` (`id`, `controller`, `metodo`, `menu_controller`, `menu_metodo`, `nome_pagina`, `obs`, `lib_pub`, `icone`, `adms_grps_pg_id`, `adms_tps_pg_id`, `adms_sits_pg_id`, `created`, `modified`) VALUES
(1, 'Home', 'index', 'home', 'index', 'Dashboard', 'Página inicial do sistema administrativo             ', 2, 'fas fa-tachometer-alt', 1, 1, 1, '2018-05-23 00:00:00', '2018-06-25 11:27:06'),
(2, 'Usuarios', 'listar', 'usuarios', 'listar', 'Usuários', 'Pagina para listar os usuários                ', 2, 'fas fa-users', 1, 1, 1, '2018-05-23 00:00:00', '2018-06-25 11:29:02'),
(3, 'Login', 'acesso', 'login', 'acesso', 'Acesso', 'Página de login                ', 1, '', 7, 1, 1, '2018-05-23 00:00:00', '2018-06-25 11:29:15'),
(4, 'Login', 'logout', 'login', 'logout', 'Sair', 'Página para sair do administrativo                ', 1, '', 7, 1, 1, '2018-05-23 00:00:00', '2018-06-25 11:29:25'),
(5, 'NovoUsuario', 'novoUsuario', 'novo-usuario', 'novo-usuario', 'Novo Usuário', 'Página para cadastrar novo usuário na pagina de login                                                ', 1, '', 2, 1, 1, '2018-05-23 00:00:00', '2018-06-25 11:29:38'),
(6, 'Confirmar', 'confirmarEmail', 'confirmar', 'confirmar-email', 'Confirmar e-mail', 'Página para confirmar e-mail                ', 1, '', 7, 1, 1, '2018-06-23 00:00:00', '2018-06-25 11:29:56'),
(7, 'EsqueceuSenha', 'esqueceuSenha', 'esqueceu-senha', 'esqueceu-senha', 'Esqueceu a senha', 'Página para recuperar a senha                ', 1, '', 7, 1, 1, '2018-06-23 00:00:00', '2018-06-25 11:30:08'),
(8, 'AtualSenha', 'atualSenha', 'atual-senha', 'atual-senha', 'Atualizar a senha', 'Página para atualizar a senha                ', 1, '', 7, 1, 1, '2018-06-23 00:00:00', '2018-06-25 11:30:22'),
(9, 'VerPerfil', 'perfil', 'ver-perfil', 'perfil', 'Ver Perfil', 'Página para o usuário ver o seu perfil                ', 2, '', 5, 1, 1, '2018-06-23 00:00:00', '2018-06-25 11:33:03'),
(10, 'AlterarSenha', 'altSenha', 'alterar-senha', 'alt-senha', 'Alterar Senha', 'Página para o próprio usuário alterar a sua senha                ', 2, '', 3, 1, 1, '2018-06-23 00:00:00', '2018-06-25 11:32:45'),
(11, 'EditarPerfil', 'altPerfil', 'editar-perfil', 'alt-perfil', 'Editar Perfil', 'Página para o próprio usuário editar os dados do seu perfil                ', 2, '', 3, 1, 1, '2018-06-23 00:00:00', '2018-06-25 11:33:41'),
(12, 'VerUsuario', 'verUsuario', 'ver-usuario', 'ver-usuario', 'Ver Usuário', 'Página para ver detalhes do usuário                ', 2, '', 5, 1, 1, '2018-06-23 00:00:00', '2018-06-25 11:31:52'),
(13, 'EditarSenha', 'editSenha', 'editar-senha', 'edit-senha', 'Editar Senha', 'Página para o administrador altera a senha do usuário.                ', 2, '', 3, 1, 1, '2018-06-23 00:00:00', '2018-06-25 11:31:09'),
(14, 'EditarUsuario', 'editUsuario', 'editar-usuario', 'edit-usuario', 'Editar Usuário', 'Página para editar os dados do usuário                ', 2, '', 3, 1, 1, '2018-06-23 00:00:00', '2018-06-25 11:31:33'),
(15, 'CadastrarUsuario', 'cadUsuario', 'cadastrar-usuario', 'cad-usuario', 'Cadastrar Usuário', 'Página para cadastrar novo usuário                ', 2, '', 2, 1, 1, '2018-06-23 00:00:00', '2018-06-25 11:34:31'),
(16, 'ApagarUsuario', 'apagarUsuario', 'apagar-usuario', 'apagar-usuario', 'Apagar Usuário', 'Página para apagar usuário                ', 2, '', 4, 1, 1, '2018-06-23 00:00:00', '2018-06-25 11:34:49'),
(17, 'NivelAcesso', 'listar', 'nivel-acesso', 'listar', 'Nível de Acesso', 'Página para listar nível de acesso                ', 2, 'fas fa-key', 1, 1, 1, '2018-06-23 00:00:00', '2018-06-25 11:35:16'),
(18, 'CadastrarNivAc', 'cadNivAc', 'cadastrar-niv-ac', 'cad-niv-ac', 'Cadastrar Nível de Acesso', 'Página para cadastrar nível de acesso                ', 2, '', 2, 1, 1, '2018-06-23 00:00:00', '2018-06-25 11:35:40'),
(19, 'VerNivAc', 'VerNivAc', 'ver-niv-ac', 'ver-niv-ac', 'Detalhes do Nível de Acesso', 'Página para ver detalhes do nível de acesso                ', 2, '', 5, 1, 1, '2018-06-23 00:00:00', '2018-06-25 11:36:05'),
(20, 'EditarNivAc', 'editNivAc', 'editar-niv-ac', 'edit-niv-ac', 'Editar Nível de Acesso', 'Página para editar nível de acesso                ', 2, '', 3, 1, 1, '2018-06-23 00:00:00', '2018-06-25 11:36:30'),
(21, 'ApagarNivAc', 'apagarNivAc', 'apagar-niv-ac', 'apagar-niv-ac', 'Apagar Nível de Acesso', 'Página para apagar nível de acesso                ', 2, '', 4, 1, 1, '2018-06-23 00:00:00', '2018-06-25 11:36:56'),
(22, 'AltOrdemNivAc', 'altOrdemNivAc', 'alt-ordem-niv-ac', 'alt-ordem-niv-ac', 'Alterar ordem nível de acesso', 'Página para alterar ordem do nível de acesso                ', 2, '', 8, 1, 1, '2018-06-23 00:00:00', '2018-06-25 11:37:24'),
(23, 'Pagina', 'listar', 'pagina', 'listar', 'Listar Páginas', 'Página para listar as paginas do administrativo                ', 2, 'fas fa-file-alt', 1, 1, 1, '2018-06-23 00:00:00', '2018-06-25 11:37:43'),
(24, 'CadastrarPagina', 'cadPagina', 'cadastrar-pagina', 'cad-pagina', 'Cadastrar Pagina', 'Formulário para cadastrar pagina                ', 2, '', 2, 1, 1, '2018-06-23 00:00:00', '2018-06-25 11:37:59'),
(25, 'VerPagina', 'verPagina', 'ver-pagina', 'ver-pagina', 'Visualizar Página', 'Página para ver detalhes da página', 2, '', 5, 1, 1, '2018-06-22 14:25:21', NULL),
(26, 'EditarPagina', 'editPagina', 'editar-pagina', 'edit-pagina', 'Editar Página', 'Formulário para editar a página                                                                                ', 2, '', 3, 1, 1, '2018-06-22 14:43:47', '2018-06-22 15:40:01'),
(27, 'ApagarPagina', 'apagarPagina', 'apagar-pagina', 'apagar-pagina', 'Apagar Página', 'Página para apagar página                ', 2, '', 4, 1, 1, '2018-06-22 19:17:43', NULL),
(28, 'Permissoes', 'listar', 'permissoes', 'listar', 'Permissão', 'Página para listar as permissões do nível de acesso                ', 2, '', 1, 1, 1, '2018-06-24 11:59:53', NULL),
(29, 'LibPermi', 'libPermi', 'lib-permi', 'lib-permi', 'Liberar Permissão', 'Página para liberar permissão                                ', 2, '', 3, 1, 1, '2018-06-24 12:52:42', '2018-06-24 12:54:14'),
(30, 'LibMenu', 'libMenu', 'lib-menu', 'lib-menu', 'Liberar no menu', 'Página para liberar ou bloquear a página no menu                ', 2, '', 3, 1, 1, '2018-06-25 09:48:29', NULL),
(31, 'LibDropdown', 'libDropdown', 'lib-dropdown', 'lib-dropdown', 'Liberar Dropdown', 'Página para liberar ou bloquear a página a ser apresentado como dropdown no menu                ', 2, '', 3, 1, 1, '2018-06-25 10:24:39', '2018-06-25 10:29:10'),
(32, 'AltOrdemMenu', 'altOrdemMenu', 'alt-ordem-menu', 'alt-ordem-menu', 'Alterar Ordem Menu', 'Página para alterar a ordem das páginas no menu                ', 2, '', 3, 1, 1, '2018-06-25 10:56:36', NULL),
(33, 'SincroPgNivAc', 'sincroPgNivAc', 'sincro-pg-niv-ac', 'sincro-pg-niv-ac', 'Sincronizar Permissões', 'Página para sincronizar as permissões de acesso a cada nível de acesso para as páginas do sistema.                ', 2, '', 3, 1, 1, '2018-06-26 12:23:37', NULL),
(34, 'EditarNivAcPgMenu', 'editNivAcPgMenu', 'editar-niv-ac-pg-menu', 'edit-niv-ac-pg-menu', 'Editar Item de Menu da Página', 'Formulário para editar o item de menu que a página pertence para um determinado nível de acesso', 2, '', 3, 1, 1, '2018-06-28 16:11:35', NULL),
(35, 'Menu', 'listar', 'menu', 'listar', 'Itens de Menu', 'Listar os itens do menu', 2, 'fab fa-elementor', 1, 1, 1, '2018-06-28 01:05:34', NULL),
(36, 'CadastrarMenu', 'cadMenu', 'cadastrar-menu', 'cad-menu', 'Cadastrar Item de Menu', 'Formulário para cadastrar item de menu', 2, '', 2, 1, 1, '2018-06-28 01:20:26', NULL),
(37, 'VerMenu', 'verMenu', 'ver-menu', 'ver-menu', 'Ver item de menu', 'Página para ver detalhes do item de menu', 2, '', 5, 1, 1, '2018-06-28 01:23:25', NULL),
(38, 'EditarMenu', 'editMenu', 'editar-menu', 'edit-menu', 'Editar item de menu', 'Formulário para editar o item de menu', 2, '', 3, 1, 1, '2018-06-28 01:32:29', NULL),
(39, 'ApagarMenu', 'apagarMenu', 'apagar-menu', 'apagar-menu', 'Apagar Item de Menu', 'Página para apagar item de menu', 2, '', 4, 1, 1, '2018-06-28 01:44:13', NULL),
(40, 'AltOrdemItemMenu', 'altOrdemItemMenu', 'alt-ordem-item-menu', 'alt-ordem-item-menu', 'Alterar Ordem Item de Menu', 'Página para alterar a ordem do itens no menu', 2, '', 8, 1, 1, '2018-06-28 01:58:16', NULL),
(41, 'EditarFormCadUsuario', 'editFormCadUsuario', 'editar-form-cad-usuario', 'edit-form-cad-usuario', 'Cadastro de Login', 'Formulário para editar as informações do formulário cadastrar usuário na página de login                ', 2, 'fas fa-edit', 3, 1, 1, '2018-06-29 18:33:56', '2018-06-29 18:35:03'),
(42, 'EditarConfEmail', 'editConfEmail', 'editar-conf-email', 'edit-conf-email', 'Configuração de E-mail', 'Formulário para editar as configuração do servidor de envio de e-mail', 2, 'fas fa-at', 2, 1, 1, '2018-06-29 18:56:15', NULL),
(43, 'Cor', 'listar', 'cor', 'listar', 'Cores', 'Listar as cores dos botões                                                                                ', 2, 'fas fa-tint', 1, 1, 1, '2018-06-29 19:32:21', '2018-06-29 19:45:56'),
(44, 'VerCor', 'verCor', 'ver-cor', 'ver-cor', 'Ver Cores', 'Página para ver detalhes da cor do botão', 2, '', 5, 1, 1, '2018-06-29 19:50:19', NULL),
(45, 'EditarCor', 'editCor', 'editar-cor', 'edit-cor', 'Editar a Cor', 'Formulário para editar as cores dos botões', 2, '', 3, 1, 1, '2018-06-29 19:59:53', NULL),
(46, 'CadastrarCor', 'cadCor', 'cadastrar-cor', 'cad-cor', 'Cadastrar Cor', 'Formulário para cadastrar a cor do botão', 2, '', 2, 1, 1, '2018-06-29 20:09:35', NULL),
(47, 'ApagarCor', 'apagarCor', 'apagar-cor', 'apagar-cor', 'Apagar a Cor', 'Página para apagar a cor do botão', 2, '', 4, 1, 1, '2018-06-29 20:17:36', NULL),
(48, 'GrupoPg', 'listar', 'grupo-pg', 'listar', 'Grupo de Página', 'Listar os grupos das páginas', 2, 'fas fa-file-alt', 1, 1, 1, '2018-06-29 20:29:31', NULL),
(49, 'VerGrupoPg', 'verGrupoPg', 'ver-grupo-pg', 'ver-grupo-pg', 'Ver Grupo de Página', 'Página para ver detalhes do grupo de página', 2, '', 5, 1, 1, '2018-06-29 20:40:11', NULL),
(50, 'CadastrarGrupoPg', 'cadGrupoPg', 'cadastrar-grupo-pg', 'cad-grupo-pg', 'Cadastro Grupo de Página', 'Formulário para cadastrar novo grupo de página', 2, '', 2, 1, 1, '2018-06-29 20:58:30', NULL),
(51, 'EditarGrupoPg', 'editGrupoPg', 'editar-grupo-pg', 'edit-grupo-pg', 'Editar Grupo de Página', 'Formulário para editar os dados do grupo de página', 2, '', 3, 1, 1, '2018-06-29 21:08:41', NULL),
(52, 'ApagarGrupoPg', 'apagarGrupoPg', 'apagar-grupo-pg', 'apagar-grupo-pg', 'Apagar Grupo de Página', 'Página para apagar grupo de página', 2, '', 4, 1, 1, '2018-06-29 21:19:33', NULL),
(53, 'AltOrdemGrupoPg', 'altOrdemGrupoPg', 'alt-ordem-grupo-pg', 'alt-ordem-grupo-pg', 'Alterar Ordem Grupo Pg', 'Altera a ordem do grupo de página', 2, '', 8, 1, 1, '2018-06-29 21:31:23', NULL),
(54, 'TipoPg', 'listar', 'tipo-pg', 'listar', 'Tipo de Página', 'Listar os tipos de páginas', 2, 'fas fa-list-ol', 1, 1, 1, '2018-06-29 21:40:39', NULL),
(55, 'CadastrarTipoPg', 'cadTipoPg', 'cadastrar-tipo-pg', 'cad-tipo-pg', 'Cadastrar Tipo de Página', 'Formulário para cadastrar o tipo de página', 2, '', 2, 1, 1, '2018-06-29 21:50:13', NULL),
(56, 'EditarTipoPg', 'editTipoPg', 'editar-tipo-pg', 'edit-tipo-pg', 'Editar Tipo de Página', 'Formulário para editar o tipo de página', 2, '', 3, 1, 1, '2018-06-29 22:13:11', NULL),
(57, 'VerTipoPg', 'verTipoPg', 'ver-tipo-pg', 'ver-tipo-pg', 'Ver Tipo de Página', 'Página para ver detalhes do tipo de página', 2, '', 5, 1, 1, '2018-06-29 22:21:25', NULL),
(58, 'ApagarTipoPg', 'apagarTipoPg', 'apagar-tipo-pg', 'apagar-tipo-pg', 'Apagar Tipo de Página', 'Página para apagar o tipo de página', 2, '', 4, 1, 1, '2018-06-29 22:26:52', NULL),
(59, 'AltOrdemTipoPg', 'altOrdemTipoPg', 'alt-ordem-tipo-pg', 'alt-ordem-tipo-pg', 'Alterar Ordem Tipo Pg', 'Página para alterar a ordem do tipo de páginas        ', 2, '', 8, 1, 1, '2018-06-29 22:38:00', NULL),
(60, 'Situacao', 'listar', 'situacao', 'listar', 'Situação', 'Página para listar as situações                ', 2, 'fas fa-exclamation-triangle', 1, 1, 1, '2018-06-29 22:48:28', '2018-06-29 22:53:17'),
(61, 'VerSit', 'verSit', 'ver-sit', 'ver-sit', 'Ver Situação', 'Página para ver detalhes da situação', 2, '', 5, 1, 1, '2018-06-29 23:04:17', NULL),
(62, 'CadastrarSit', 'cadSit', 'cadastrar-sit', 'cad-sit', 'Cadastrar Situação', 'Formulário para cadastrar situação', 2, '', 2, 1, 1, '2018-06-29 23:11:35', NULL),
(63, 'EditarSit', 'editSit', 'editar-sit', 'edit-sit', 'Editar a situação', 'Formulário para editar a situação', 2, '', 3, 1, 1, '2018-06-29 23:20:52', NULL),
(64, 'ApagarSit', 'apagarSit', 'apagar-sit', 'apagar-sit', 'Apagar Situação', 'Página para apagar situação', 2, '', 3, 1, 1, '2018-06-29 23:27:34', NULL),
(65, 'SituacaoUser', 'listar', 'situacao-user', 'listar', 'Situação dos Usuários', 'Listar as situação de usuário                ', 2, 'far fa-id-badge', 1, 1, 1, '2018-06-29 23:44:50', '2018-06-29 23:46:55'),
(66, 'VerSitUser', 'verSitUser', 'ver-sit-user', 'ver-sit-user', 'Ver Situação de Usuário', 'Página para ver detalhes da situação de usuário', 2, '', 5, 1, 1, '2018-06-29 23:53:53', NULL),
(67, 'CadastrarSitUser', 'cadSitUser', 'cadastrar-sit-user', 'cad-sit-user', 'Cadastrar Situação de Usuário', 'Página para cadastrar situação de usuário', 2, '', 2, 1, 1, '2018-06-29 23:57:43', NULL),
(68, 'EditarSitUser', 'editSitUser', 'editar-sit-user', 'edit-sit-user', 'Editar Situação de Usuário', 'Formulário para editar situação de usuário', 2, '', 3, 1, 1, '2018-06-30 00:03:44', NULL),
(69, 'ApagarSitUser', 'apagarSitUser', 'apagar-sit-user', 'apagar-sit-user', 'Apagar Situação de Usuário', 'Página para apagar situação de usuário', 2, '', 4, 1, 1, '2018-06-30 00:09:08', NULL),
(70, 'SituacaoPg', 'listar', 'situacao-pg', 'listar', 'Situação de Página', 'Listar as situações de páginas                                ', 2, 'fas fa-exclamation', 1, 1, 1, '2018-06-30 00:22:52', '2018-06-30 00:29:39'),
(71, 'VerSitPg', 'verSitPg', 'ver-sit-pg', 'ver-sit-pg', 'Ver Situação de Página', 'Página para ver detalhes da situação de página      ', 2, '', 5, 1, 1, '2018-06-30 00:35:47', NULL),
(72, 'CadastrarSitPg', 'cadSitPg', 'cadastrar-sit-pg', 'cad-sit-pg', 'Cadastrar Situação de Página', 'Formulário para cadastrar situação de página', 2, '', 2, 1, 1, '2018-06-30 00:41:58', NULL),
(73, 'EditarSitPg', 'editSitPg', 'editar-sit-pg', 'edit-sit-pg', 'Editar situação de página', 'Formulário para editar situação de página                ', 2, '', 3, 1, 1, '2018-06-30 00:47:33', '2018-06-30 00:47:57'),
(74, 'ApagarSitPg', 'apagarSitPg', 'apagar-sit-pg', 'apagar-sit-pg', 'Apagar Situação de Página', 'Página para apagar situação de página', 2, '', 4, 1, 1, '2018-06-30 00:53:21', NULL),
(75, 'Carousel', 'listar', 'carousel', 'listar', 'Carousel', 'Página para listar o carousel', 2, 'fas fa-sliders-h', 1, 2, 1, '2018-06-30 09:37:59', NULL),
(76, 'VerCarousel', 'verCarousel', 'ver-carousel', 'ver-carousel', 'Ver Carousel', 'Página para ver detalhes do carousel   ', 2, '', 5, 2, 1, '2018-06-30 10:37:00', NULL),
(77, 'CadastrarCarousel', 'cadCarousel', 'cadastrar-carousel', 'cad-carousel', 'Cadastrar Carousel', 'Formulário para cadastrar o slide do carousel', 2, '', 2, 2, 1, '2018-06-30 11:56:30', NULL),
(78, 'EditarCarousel', 'editCarousel', 'editar-carousel', 'edit-carousel', 'Editar Carousel', 'Formulário para editar o slide do carousel', 2, '', 3, 2, 1, '2018-06-30 12:58:43', NULL),
(79, 'ApagarCarousel', 'apagarCarousel', 'apagar-carousel', 'apagar-carousel', 'Apagar Carousel', 'Página para apagar carousel', 2, '', 4, 2, 1, '2018-06-30 13:09:24', NULL),
(80, 'AltOrdemCarousel', 'altOrdemCarousel', 'alt-ordem-carousel', 'alt-ordem-carousel', 'Alterar Ordem Carousel', 'Página para alterar a ordem do slide no carousel', 2, '', 8, 2, 1, '2018-06-30 13:38:39', NULL),
(81, 'AltSitCarousel', 'altSitCarousel', 'alt-sit-carousel', 'alt-sit-carousel', 'Alterar Situação Carousel', 'Página para alterar a situação do slide no carousel', 2, '', 3, 2, 1, '2018-06-30 13:48:08', NULL),
(82, 'EditarServico', 'editServico', 'editar-servico', 'edit-servico', 'Editar Serviços', 'Formulário para editar dados do serviço na página inicial do site', 2, 'fas fa-wrench', 3, 2, 1, '2018-06-30 14:26:36', NULL),
(83, 'EditarVideo', 'editVideo', 'editar-video', 'edit-video', 'Editar Vídeo', 'Página para editar as informações da área de vídeo na página inicial', 2, 'fas fa-video', 3, 2, 1, '2018-06-30 15:08:03', NULL),
(84, 'SobEmpresa', 'listar', 'sob-empresa', 'listar', 'Sobre Empresa', 'Listar os registros sobre empresa', 2, 'fas fa-newspaper', 1, 2, 1, '2018-06-30 17:09:39', NULL),
(85, 'VerSobEmpresa', 'verSobEmpresa', 'ver-sob-empresa', 'ver-sob-empresa', 'Ver Sobre Empresa', 'Página para ver detalhes do sobre empresa', 2, '', 5, 2, 1, '2018-06-30 17:15:39', NULL),
(86, 'CadastrarSobEmpresa', 'cadSobEmpresa', 'cadastrar-sob-empresa', 'cad-sob-empresa', 'Cadastrar Sobre Empresa', 'Formulário para cadastrar item sobre empresa', 2, '', 2, 2, 1, '2018-06-30 17:26:16', NULL),
(87, 'EditarSobEmpresa', 'editSobEmpresa', 'editar-sob-empresa', 'edit-sob-empresa', 'Editar Sobre Empresa', 'Formulário para editar registro sobre empresa', 2, '', 3, 2, 1, '2018-07-04 10:03:09', NULL),
(88, 'AltOrdemSobEmpresa', 'altOrdemSobEmpresa', 'alt-ordem-sob-empresa', 'alt-ordem-sob-empresa', 'Alterar Ordem Sobre Empresa', 'Página para alterar a ordem do tópicos sobre empresa', 2, '', 8, 2, 1, '2018-07-04 11:09:57', NULL),
(89, 'AltSitSobEmpresa', 'altSitSobEmpresa', 'alt-sit-sob-empresa', 'alt-sit-sob-empresa', 'Alterar Situação Sobre Empresa', 'Página para alterar a situação do tópico sobre empresa', 2, '', 3, 2, 1, '2018-07-04 11:19:06', NULL),
(90, 'ApagarSobEmpresa', 'apagarSobEmpresa', 'apagar-sob-empresa', 'apagar-sob-empresa', 'Apagar Sobre Empresa', 'Página para apagar tópico sobre empresa', 2, '', 4, 2, 1, '2018-07-04 11:24:12', NULL),
(91, 'Contato', 'listar', 'contato', 'listar', 'Contato', 'Página para listar as mensagens de contato', 2, 'far fa-envelope', 1, 2, 1, '2018-07-04 12:13:02', NULL),
(92, 'VerContato', 'verContato', 'ver-contato', 'ver-contato', 'Ver Mensagem de Contato', 'Página para ver detalhes da mensagem de contato', 2, '', 5, 2, 1, '2018-07-04 12:28:32', NULL),
(93, 'ApagarContato', 'apagarContato', 'apagar-contato', 'apagar-contato', 'Apagar Mensagem de Contato', 'Página para apagar a mensagem de contato                ', 1, '', 4, 2, 1, '2018-07-04 12:42:04', '2018-07-04 12:46:46'),
(94, 'EditarSobre', 'editSobre', 'editar-sobre', 'edit-sobre', 'Editar Sobre', 'Editar sobre na página blog', 2, 'fas fa-user-circle', 3, 2, 1, '2018-07-04 13:13:52', NULL),
(95, 'Robots', 'listar', 'robots', 'listar', 'Robots', 'Listar robots das páginas', 2, 'fas fa-search', 1, 2, 1, '2018-07-04 14:01:38', NULL),
(96, 'VerRobots', 'verRobots', 'ver-robots', 'ver-robots', 'Ver Robots', 'Página para ver detalhes de Robots da Página', 2, '', 5, 2, 1, '2018-07-04 14:33:25', NULL),
(97, 'CadastrarRobots', 'cadRobots', 'cadastrar-robots', 'cad-robots', 'Cadastrar Robots', 'Formulário para cadastrar robots de página', 2, '', 2, 2, 1, '2018-07-04 14:43:23', NULL),
(98, 'EditarRobots', 'editRobots', 'editar-robots', 'edit-robots', 'Editar Robots', 'Formulário para editar Robots de página', 2, '', 3, 2, 1, '2018-07-04 15:04:06', NULL),
(99, 'ApagarRobots', 'apagarRobots', 'apagar-robots', 'apagar-robots', 'Apagar Robots', 'Página para apagar robots de página', 2, '', 4, 2, 1, '2018-07-04 15:25:59', NULL),
(100, 'TpArtigo', 'listar', 'tp-artigo', 'listar', 'Tipo de Artigo', 'Formulário para cadastrar tipo de artigo                ', 2, 'far fa-clipboard', 2, 2, 1, '2018-07-04 15:40:34', '2018-07-04 15:44:58'),
(101, 'CadastrarTpArtigo', 'cadTpArtigo', 'cadastrar-tp-artigo', 'cad-tp-artigo', 'Cadastrar Tipo de Artigo', 'Formulário para editar tipo de artigo', 2, '', 2, 2, 1, '2018-07-04 15:54:01', NULL),
(102, 'VerTpArtigo', 'verTpArtigo', 'ver-tp-artigo', 'ver-tp-artigo', 'Ver tipo de artigo', 'Página para ver detalhes do tipo de artigo', 2, '', 5, 2, 1, '2018-07-04 16:02:08', NULL),
(103, 'EditarTpArtigo', 'editTpArtigo', 'editar-tp-artigo', 'edit-tp-artigo', 'Editar tipo de artigo', 'Formulário para editar tipo de artigo', 2, '', 3, 2, 1, '2018-07-04 16:07:23', NULL),
(104, 'ApagarTpArtigo', 'apagarTpArtigo', 'apagar-tp-artigo', 'apagar-tp-artigo', 'Apagar tipo de artigo', 'Página para apagar tipo de artigo', 2, '', 4, 2, 1, '2018-07-04 16:18:22', NULL),
(105, 'CatArtigo', 'listar', 'cat-artigo', 'listar', 'Categoria de Artigo', 'Listar as categorias de artigo', 2, 'fas fa-clipboard-list', 1, 2, 1, '2018-07-05 10:39:49', NULL),
(106, 'VerCatArtigo', 'verCatArtigo', 'ver-cat-artigo', 'ver-cat-artigo', 'Ver Categoria de Artigo', 'Página para ver detalhes da categoria de artigo', 2, '', 5, 2, 1, '2018-07-05 11:41:42', NULL),
(107, 'CadastrarCatArtigo', 'cadCatArtigo', 'cadastrar-cat-artigo', 'cad-cat-artigo', 'Cadastrar categoria de artigo', 'Formulário para cadastrar categoria  de artigo', 2, '', 2, 2, 1, '2018-07-05 11:50:52', NULL),
(108, 'EditarCatArtigo', 'editCatArtigo', 'editar-cat-artigo', 'edit-cat-artigo', 'Editar categoria de artigo', 'Formulário para editar categoria de artigo', 2, '', 3, 2, 1, '2018-07-05 11:59:25', NULL),
(109, 'ApagarCatArtigo', 'apagarCatArtigo', 'apagar-cat-artigo', 'apagar-cat-artigo', 'Apagar categoria de artigo', 'Apagar categoria de artigo', 2, '', 4, 2, 1, '2018-07-05 12:10:48', NULL),
(110, 'AltSitCatArtigo', 'altSitCatArtigo', 'alt-sit-cat-artigo', 'alt-sit-cat-artigo', 'Alterar Situação Categoria Artigo', 'Página para alterar a situação da categoria de artigo', 2, '', 3, 2, 1, '2018-07-05 12:19:32', NULL),
(111, 'Artigo', 'listar', 'artigo', 'listar', 'Artigos', 'Listar os artigos', 2, 'fas fa-newspaper', 1, 2, 1, '2018-07-05 12:26:51', NULL),
(112, 'VerArtigo', 'verArtigo', 'ver-artigo', 'ver-artigo', 'Ver Artigo', 'Página para ver detalhes do artigo   ', 2, '', 5, 2, 1, '2018-07-05 12:41:20', NULL),
(113, 'CadastrarArtigo', 'cadArtigo', 'cadastrar-artigo', 'cad-artigo', 'Cadastrar Artigo', 'Formulário para cadastrar artigo', 2, '', 2, 2, 1, '2018-07-05 13:21:28', NULL),
(114, 'EditarAutorArtigo', 'editAutorArtigo', 'editar-autor-artigo', 'edit-autor-artigo', 'Editar Autor do Artigo', 'Formulário para editar autor do artigo', 2, '', 3, 2, 1, '2018-07-05 14:26:11', NULL),
(115, 'EditarArtigo', 'editArtigo', 'editar-artigo', 'edit-artigo', 'Editar Artigo', 'Formulário para editar artigo', 2, '', 3, 2, 1, '2018-07-05 14:47:02', NULL),
(116, 'ApagarArtigo', 'apagarArtigo', 'apagar-artigo', 'apagar-artigo', 'Apagar Artigo', 'Página para apagar o artigo', 2, '', 4, 2, 1, '2018-07-05 15:01:41', NULL),
(117, 'AltSitArtigo', 'altSitArtigo', 'alt-sit-artigo', 'alt-sit-artigo', 'Alterar situação do artigo', 'Alterar a situação do artigo', 2, '', 3, 2, 1, '2018-07-05 15:36:16', NULL),
(118, 'SitPgSite', 'listar', 'sit-pg-site', 'listar', 'Situação Página', 'Listar situação das páginas do site                                                ', 2, 'fas fa-exclamation-triangle', 1, 2, 1, '2018-07-06 15:27:38', '2018-07-06 22:47:48'),
(119, 'VerSitPgSite', 'verSitPgSite', 'ver-sit-pg-site', 'ver-sit-pg-site', 'Ver Situação da Página', 'Ver detalhes da situação da página do site', 2, '', 5, 2, 1, '2018-07-06 23:03:00', NULL),
(120, 'CadastrarSitPgSite', 'cadSitPgSite', 'cadastrar-sit-pg-site', 'cad-sit-pg-site', 'Cadastrar Situação Pagina', 'Formulário para cadastrar situação de pagina do site', 2, '', 2, 2, 1, '2018-07-06 23:36:10', NULL),
(121, 'EditarSitPgSite', 'editSitPgSite', 'editar-sit-pg-site', 'edit-sit-pg-site', 'Editar situação de página', 'Formulário para editar situação de página do site', 2, '', 3, 2, 1, '2018-07-06 23:49:47', NULL),
(122, 'ApagarSitPgSite', 'apagarSitPgSite', 'apagar-sit-pg-site', 'apagar-sit-pg-site', 'Apagar Situação de Página', 'Página para apagar situação de página do site', 2, '', 4, 2, 1, '2018-07-06 23:57:48', NULL),
(123, 'TipoPgSite', 'listar', 'tipo-pg-site', 'listar', 'Tipo de Página', 'Listar tipo de pagina do site', 2, 'fas fa-th-list', 1, 2, 1, '2018-07-07 00:19:46', NULL),
(124, 'VerTipoPgSite', 'verTipoPgSite', 'ver-tipo-pg-site', 'ver-tipo-pg-site', 'Ver Tipo de Página', 'Ver detalhes do tipo de página do site', 2, '', 5, 2, 1, '2018-07-07 00:34:02', NULL),
(125, 'CadastrarTipoPgSite', 'cadTipoPgSite', 'cadastrar-tipo-pg-site', 'cad-tipo-pg-site', 'Cadastrar Tipo de Pagina', 'Formulário para cadastrar tipo de página do site', 2, '', 2, 2, 1, '2018-07-07 00:42:55', NULL),
(126, 'EditarTipoPgSite', 'editTipoPgSite', 'editar-tipo-pg-site', 'edit-tipo-pg-site', 'Editar Tipo de Página', 'Formulário para editar tipo de página do site', 2, '', 3, 2, 1, '2018-07-07 00:53:17', NULL),
(127, 'ApagarTipoPgSite', 'apagarTipoPgSite', 'apagar-tipo-pg-site', 'apagar-tipo-pg-site', 'Apagar Tipo de Página', 'Página para apagar tipo de página do site', 2, '', 4, 2, 1, '2018-07-07 01:00:01', NULL),
(128, 'AltOrdemTipoPgSite', 'altOrdemTipoPgSite', 'alt-ordem-tipo-pg-site', 'alt-ordem-tipo-pg-site', 'Alterar Ordem Tipo Pg', 'Página para alterar o tipo de página do site', 2, '', 8, 2, 1, '2018-07-07 01:04:25', NULL),
(129, 'PaginaSite', 'listar', 'pagina-site', 'listar', 'Páginas do Site', 'Página para listar as páginas do site                ', 2, 'fas fa-file-alt', 1, 2, 1, '2018-07-07 01:13:20', '2018-07-07 01:14:07'),
(130, 'VerPaginaSite', 'verPaginaSite', 'ver-pagina-site', 'ver-pagina-site', 'Ver Página do Site', 'Página para ver detalhes da página do site', 2, '', 5, 2, 1, '2018-07-07 01:29:24', NULL),
(131, 'EditarPaginaSite', 'editPaginaSite', 'editar-pagina-site', 'edit-pagina-site', 'Editar Página Site', 'Formulário para editar dados da página do site', 2, '', 3, 2, 1, '2018-07-07 01:30:39', NULL),
(132, 'CadastrarPaginaSite', 'cadPaginaSite', 'cadastrar-pagina-site', 'cad-pagina-site', 'Cadastrar Página Site', 'Página para cadastrar página do site', 2, '', 2, 2, 1, '2018-07-07 01:31:47', NULL),
(133, 'ApagarPaginaSite', 'apagarPaginaSite', 'apagar-pagina-site', 'apagar-pagina-site', 'Apagar Página do Site', 'Página para apagar página do site', 2, '', 4, 2, 1, '2018-07-07 01:32:54', NULL),
(134, 'AltSitPaginaSite', 'altSitPaginaSite', 'alt-sit-pagina-site', 'alt-sit-pagina-site', 'Alterar Situação Pg Site', 'Página para alterar situação da página do site  ', 2, '', 3, 2, 1, '2018-07-07 01:34:17', NULL),
(135, 'AltOrdemPaginaSite', 'altOrdemPaginaSite', 'alt-ordem-pagina-site', 'alt-ordem-pagina-site', 'Ordem Página Site', 'Página para alterar ordem da página no site', 2, '', 8, 2, 1, '2018-07-07 01:37:27', NULL),
(136, 'AltPaginaLibBloq', 'altPaginaLibBloq', 'alt-pagina-lib-bloq', 'alt-pagina-lib-bloq', 'Liberar Bloquear Pg Menu', 'Página para liberar ou bloquear a página do site no menu', 2, '', 3, 2, 1, '2018-07-08 18:38:41', NULL),
(137, 'EditarSeo', 'editSeo', 'editar-seo', 'edit-seo', 'Seo', 'Formulário para editar as informações básicas de SEO do Facebook e Twiter', 2, 'fab fa-searchengin', 3, 2, 1, '2018-07-09 12:56:21', NULL);

DROP TABLE IF EXISTS `adms_sits`;
CREATE TABLE IF NOT EXISTS `adms_sits` (
  `id` int(11) NOT NULL AUTO_INCREMENT,
  `nome` varchar(40) COLLATE utf8_unicode_ci NOT NULL,
  `adms_cor_id` int(11) NOT NULL,
  `created` datetime NOT NULL,
  `modified` datetime DEFAULT NULL,
  PRIMARY KEY (`id`)
) ENGINE=MyISAM AUTO_INCREMENT=4 DEFAULT CHARSET=utf8 COLLATE=utf8_unicode_ci;

INSERT INTO `adms_sits` (`id`, `nome`, `adms_cor_id`, `created`, `modified`) VALUES
(1, 'Ativo', 3, '2018-05-23 00:00:00', NULL),
(2, 'Inativo', 4, '2018-05-23 00:00:00', NULL),
(3, 'Analise', 1, '2018-05-23 00:00:00', NULL);

DROP TABLE IF EXISTS `adms_sits_pgs`;
CREATE TABLE IF NOT EXISTS `adms_sits_pgs` (
  `id` int(11) NOT NULL AUTO_INCREMENT,
  `nome` varchar(50) COLLATE utf8_unicode_ci NOT NULL,
  `cor` varchar(50) COLLATE utf8_unicode_ci NOT NULL,
  `created` datetime NOT NULL,
  `modified` datetime DEFAULT NULL,
  PRIMARY KEY (`id`)
) ENGINE=MyISAM AUTO_INCREMENT=4 DEFAULT CHARSET=utf8 COLLATE=utf8_unicode_ci;

INSERT INTO `adms_sits_pgs` (`id`, `nome`, `cor`, `created`, `modified`) VALUES
(1, 'Ativo', 'success', '2018-03-23 00:00:00', NULL),
(2, 'Inativo', 'danger', '2018-03-23 00:00:00', NULL),
(3, 'Analise', 'primary', '2018-03-23 00:00:00', NULL);

DROP TABLE IF EXISTS `adms_sits_usuarios`;
CREATE TABLE IF NOT EXISTS `adms_sits_usuarios` (
  `id` int(11) NOT NULL AUTO_INCREMENT,
  `nome` varchar(220) COLLATE utf8_unicode_ci NOT NULL,
  `adms_cor_id` int(11) NOT NULL,
  `created` datetime NOT NULL,
  `modified` datetime DEFAULT NULL,
  PRIMARY KEY (`id`)
) ENGINE=MyISAM AUTO_INCREMENT=5 DEFAULT CHARSET=utf8 COLLATE=utf8_unicode_ci;

INSERT INTO `adms_sits_usuarios` (`id`, `nome`, `adms_cor_id`, `created`, `modified`) VALUES
(1, 'Ativo', 3, '2018-05-23 00:00:00', NULL),
(2, 'Inativo', 5, '2018-05-23 00:00:00', NULL),
(3, 'Aguardando confirmação', 1, '2018-05-23 00:00:00', '2018-06-30 00:32:45'),
(4, 'Spam', 4, '2018-06-30 00:17:08', NULL);

DROP TABLE IF EXISTS `adms_tps_pgs`;
CREATE TABLE IF NOT EXISTS `adms_tps_pgs` (
  `id` int(11) NOT NULL AUTO_INCREMENT,
  `tipo` varchar(40) COLLATE utf8_unicode_ci NOT NULL,
  `nome` varchar(120) COLLATE utf8_unicode_ci NOT NULL,
  `obs` text COLLATE utf8_unicode_ci NOT NULL,
  `ordem` int(11) NOT NULL,
  `created` datetime NOT NULL,
  `modified` datetime DEFAULT NULL,
  PRIMARY KEY (`id`)
) ENGINE=MyISAM AUTO_INCREMENT=3 DEFAULT CHARSET=utf8 COLLATE=utf8_unicode_ci;

INSERT INTO `adms_tps_pgs` (`id`, `tipo`, `nome`, `obs`, `ordem`, `created`, `modified`) VALUES
(1, 'adms', 'Administrativo', 'Core do Administrativo', 1, '2018-05-23 00:00:00', '2018-06-29 22:41:45'),
(2, 'sts', 'Administrativo do Site', 'Projeto para administrar o site                ', 2, '2018-06-30 09:26:52', NULL);

DROP TABLE IF EXISTS `adms_usuarios`;
CREATE TABLE IF NOT EXISTS `adms_usuarios` (
  `id` int(11) NOT NULL AUTO_INCREMENT,
  `nome` varchar(220) COLLATE utf8_unicode_ci NOT NULL,
  `apelido` varchar(220) COLLATE utf8_unicode_ci DEFAULT NULL,
  `email` varchar(220) COLLATE utf8_unicode_ci NOT NULL,
  `usuario` varchar(220) COLLATE utf8_unicode_ci NOT NULL,
  `senha` varchar(220) COLLATE utf8_unicode_ci NOT NULL,
  `recuperar_senha` varchar(220) COLLATE utf8_unicode_ci DEFAULT NULL,
  `chave_descadastro` varchar(220) COLLATE utf8_unicode_ci DEFAULT NULL,
  `conf_email` varchar(120) COLLATE utf8_unicode_ci DEFAULT NULL,
  `imagem` varchar(220) COLLATE utf8_unicode_ci DEFAULT NULL,
  `adms_niveis_acesso_id` int(11) NOT NULL,
  `adms_sits_usuario_id` int(11) NOT NULL,
  `created` datetime NOT NULL,
  `modified` datetime DEFAULT NULL,
  PRIMARY KEY (`id`)
) ENGINE=MyISAM AUTO_INCREMENT=14 DEFAULT CHARSET=utf8 COLLATE=utf8_unicode_ci;

INSERT INTO `adms_usuarios` (`id`, `nome`, `apelido`, `email`, `usuario`, `senha`, `recuperar_senha`, `chave_descadastro`, `conf_email`, `imagem`, `adms_niveis_acesso_id`, `adms_sits_usuario_id`, `created`, `modified`) VALUES
(1, 'Aleandro 1', 'Aleandro', 'Aleandro@faex.edu.br', 'aleandro.lima@faex.edu.br', '$2y$10$XFWEXmgQT6SyYCSSSe4nae65vyM57ZO0OhkdHefURUoB/XYeFOz6O', '6776c7c5b1b4c592b5339b774d3147ca', 'bbe0d9883f909fb95ca46e8396fd7194', '2', 'b36czjao3wvxsr3zupgjqeltaljxmhtvyl49v1vdwsncp2cvmw3orn5kpu2pfc-.png', 1, 1, '2018-05-23 00:00:00', '2020-08-19 22:57:02'),
(3, 'Aleandro', 'Aleandro', 'Aleandro3@faex.edu.br', 'Aleandro3@faex.edu.br', '$2y$10$g1IwcDcwY5rsAKeEHKwXDOhVjI7wIhRRkgdTN.YvEW7u996LJQNA2', NULL, NULL, '2', 'logo-FAEX.jpg', 3, 1, '2018-06-02 14:29:36', '2018-06-24 15:40:59'),
(4, 'Aleandro', 'Aleandro', 'Aleandro4@faex.edu.br', 'Aleandro4@faex.edu.br', '$2y$10$ypvSoRiRpd8Ppx8n1pI4hOC4KX.2lPekK.jOhz1Z.DhNUMXG7jDu2', NULL, NULL, '2', NULL, 5, 2, '2018-06-02 15:10:57', '2018-06-20 12:23:53');

DROP TABLE IF EXISTS `clientes`;
CREATE TABLE IF NOT EXISTS `clientes` (
  `id` int(11) NOT NULL AUTO_INCREMENT,
  `nome` varchar(255) NOT NULL,
  PRIMARY KEY (`id`)
) ENGINE=MyISAM AUTO_INCREMENT=4 DEFAULT CHARSET=utf8;

INSERT INTO `clientes` (`id`, `nome`) VALUES
(1, 'Aleandro'),
(2, 'Teste'),
(3, 'Teste2');

DROP TABLE IF EXISTS `sts_artigos`;
CREATE TABLE IF NOT EXISTS `sts_artigos` (
  `id` int(11) NOT NULL AUTO_INCREMENT,
  `titulo` varchar(220) COLLATE utf8_unicode_ci NOT NULL,
  `descricao` text COLLATE utf8_unicode_ci NOT NULL,
  `conteudo` text COLLATE utf8_unicode_ci NOT NULL,
  `imagem` varchar(220) COLLATE utf8_unicode_ci NOT NULL,
  `slug` varchar(220) COLLATE utf8_unicode_ci NOT NULL,
  `keywords` varchar(220) COLLATE utf8_unicode_ci NOT NULL,
  `description` varchar(220) COLLATE utf8_unicode_ci NOT NULL,
  `author` varchar(50) COLLATE utf8_unicode_ci NOT NULL,
  `resumo_publico` text COLLATE utf8_unicode_ci NOT NULL,
  `qnt_acesso` int(11) NOT NULL DEFAULT '0',
  `sts_robot_id` int(11) NOT NULL,
  `adms_usuario_id` int(11) NOT NULL,
  `adms_sit_id` int(11) NOT NULL,
  `sts_tps_artigo_id` int(11) NOT NULL,
  `sts_cats_artigo_id` int(11) NOT NULL,
  `created` datetime NOT NULL,
  `modified` datetime DEFAULT NULL,
  PRIMARY KEY (`id`)
) ENGINE=MyISAM AUTO_INCREMENT=7 DEFAULT CHARSET=utf8 COLLATE=utf8_unicode_ci;

INSERT INTO `sts_artigos` (`id`, `titulo`, `descricao`, `conteudo`, `imagem`, `slug`, `keywords`, `description`, `author`, `resumo_publico`, `qnt_acesso`, `sts_robot_id`, `adms_usuario_id`, `adms_sit_id`, `sts_tps_artigo_id`, `sts_cats_artigo_id`, `created`, `modified`) VALUES
(1, 'Sample blog post 1', 'Donec 1 ullamcorper nulla non metus auctor fringilla. Vestibulum id ligula porta felis euismod semper. Praesent commodo cursus magna, vel scelerisque nisl consectetur. Fusce dapibus, tellus ac cursus commodo.', '<p>This blog post shows a few different types of content that\'s supported and styled with Bootstrap. Basic typography, images, and code are all supported.</p>\r\n								<hr>\r\n								<p>Cum sociis natoque penatibus et magnis <a href=\"#\">dis parturient montes</a>, nascetur ridiculus mus. Aenean eu leo quam. Pellentesque ornare sem lacinia quam venenatis vestibulum. Sed posuere consectetur est at lobortis. Cras mattis consectetur purus sit amet fermentum.</p>\r\n								<blockquote>\r\n								  <p>Curabitur blandit tempus porttitor. <strong>Nullam quis risus eget urna mollis</strong> ornare vel eu leo. Nullam id dolor id nibh ultricies vehicula ut id elit.</p>\r\n								</blockquote>\r\n								<p>Etiam porta <em>sem malesuada magna</em> mollis euismod. Cras mattis consectetur purus sit amet fermentum. Aenean lacinia bibendum nulla sed consectetur.</p>\r\n								<h2>Heading</h2>\r\n								<p>Vivamus sagittis lacus vel augue laoreet rutrum faucibus dolor auctor. Duis mollis, est non commodo luctus, nisi erat porttitor ligula, eget lacinia odio sem nec elit. Morbi leo risus, porta ac consectetur ac, vestibulum at eros.</p>\r\n								<h3>Sub-heading</h3>\r\n								<p>Cum sociis natoque penatibus et magnis dis parturient montes, nascetur ridiculus mus.</p>\r\n								<pre><code>Example code block</code></pre>\r\n								<p>Aenean lacinia bibendum nulla sed consectetur. Etiam porta sem malesuada magna mollis euismod. Fusce dapibus, tellus ac cursus commodo, tortor mauris condimentum nibh, ut fermentum massa.</p>\r\n								<h3>Sub-heading</h3>\r\n								<p>Cum sociis natoque penatibus et magnis dis parturient montes, nascetur ridiculus mus. Aenean lacinia bibendum nulla sed consectetur. Etiam porta sem malesuada magna mollis euismod. Fusce dapibus, tellus ac cursus commodo, tortor mauris condimentum nibh, ut fermentum massa justo sit amet risus.</p>\r\n								<ul>\r\n									<li>Praesent commodo cursus magna, vel scelerisque nisl consectetur et.</li>\r\n									<li>Donec id elit non mi porta gravida at eget metus.</li>\r\n									<li>Nulla vitae elit libero, a pharetra augue.</li>\r\n								</ul>\r\n								<p>Donec ullamcorper nulla non metus auctor fringilla. Nulla vitae elit libero, a pharetra augue.</p>\r\n								<ol>\r\n									<li>Vestibulum id ligula porta felis euismod semper.</li>\r\n									<li>Cum sociis natoque penatibus et magnis dis parturient montes, nascetur ridiculus mus.</li>\r\n									<li>Maecenas sed diam eget risus varius blandit sit amet non magna.</li>\r\n								</ol>\r\n								<p>Cras mattis consectetur purus sit amet fermentum. Sed posuere consectetur est at lobortis.</p>', 'artigo.jpg', 'sample-blog-post-1', 'artigo, artigo 1, ', 'Descricao do artigo um para seo', 'FAEX', '<p>This blog post shows a few different types of content that\'s supported and styled with Bootstrap. Basic typography, images, and code are all supported.</p>\n                            <hr>\n                            <p>Cum sociis natoque penatibus et magnis <a href=\"#\">dis parturient montes</a>, nascetur ridiculus mus. Aenean eu leo quam. Pellentesque ornare sem lacinia quam venenatis vestibulum. Sed posuere consectetur est at lobortis. Cras mattis consectetur purus sit amet fermentum.</p>', 6, 6, 1, 1, 1, 1, '2018-02-18 00:00:00', '2018-07-05 15:38:22'),
(2, 'Sample blog post 2', 'Donec 2 ullamcorper nulla non metus auctor fringilla. Vestibulum id ligula porta felis euismod semper. Praesent commodo cursus magna, vel scelerisque nisl consectetur. Fusce dapibus, tellus ac cursus commodo.                ', '<p>This blog post shows a few different types of content that\'s supported and styled with Bootstrap. Basic typography, images, and code are all supported.</p>\r\n								<hr>\r\n								<p>Cum sociis natoque penatibus et magnis <a href=\"#\">dis parturient montes</a>, nascetur ridiculus mus. Aenean eu leo quam. Pellentesque ornare sem lacinia quam venenatis vestibulum. Sed posuere consectetur est at lobortis. Cras mattis consectetur purus sit amet fermentum.</p>\r\n								<blockquote>\r\n								  <p>Curabitur blandit tempus porttitor. <strong>Nullam quis risus eget urna mollis</strong> ornare vel eu leo. Nullam id dolor id nibh ultricies vehicula ut id elit.</p>\r\n								</blockquote>\r\n								<p>Etiam porta <em>sem malesuada magna</em> mollis euismod. Cras mattis consectetur purus sit amet fermentum. Aenean lacinia bibendum nulla sed consectetur.</p>\r\n								<h2>Heading</h2>\r\n								<p>Vivamus sagittis lacus vel augue laoreet rutrum faucibus dolor auctor. Duis mollis, est non commodo luctus, nisi erat porttitor ligula, eget lacinia odio sem nec elit. Morbi leo risus, porta ac consectetur ac, vestibulum at eros.</p>\r\n								<h3>Sub-heading</h3>\r\n								<p>Cum sociis natoque penatibus et magnis dis parturient montes, nascetur ridiculus mus.</p>\r\n								<pre><code>Example code block</code></pre>\r\n								<p>Aenean lacinia bibendum nulla sed consectetur. Etiam porta sem malesuada magna mollis euismod. Fusce dapibus, tellus ac cursus commodo, tortor mauris condimentum nibh, ut fermentum massa.</p>\r\n								<h3>Sub-heading</h3>\r\n								<p>Cum sociis natoque penatibus et magnis dis parturient montes, nascetur ridiculus mus. Aenean lacinia bibendum nulla sed consectetur. Etiam porta sem malesuada magna mollis euismod. Fusce dapibus, tellus ac cursus commodo, tortor mauris condimentum nibh, ut fermentum massa justo sit amet risus.</p>\r\n								<ul>\r\n									<li>Praesent commodo cursus magna, vel scelerisque nisl consectetur et.</li>\r\n									<li>Donec id elit non mi porta gravida at eget metus.</li>\r\n									<li>Nulla vitae elit libero, a pharetra augue.</li>\r\n								</ul>\r\n								<p>Donec ullamcorper nulla non metus auctor fringilla. Nulla vitae elit libero, a pharetra augue.</p>\r\n								<ol>\r\n									<li>Vestibulum id ligula porta felis euismod semper.</li>\r\n									<li>Cum sociis natoque penatibus et magnis dis parturient montes, nascetur ridiculus mus.</li>\r\n									<li>Maecenas sed diam eget risus varius blandit sit amet non magna.</li>\r\n								</ol>\r\n								<p>Cras mattis consectetur purus sit amet fermentum. Sed posuere consectetur est at lobortis.</p>                    ', 'artigo.jpg', 'sample-blog-post-2', 'artigo, artigo 2, ', 'Descricao do artigo dois para seo', 'FAEX', '<p>This blog post shows a few different types of content that\'s supported and styled with Bootstrap. Basic typography, images, and code are all supported.</p>\r\n                            <hr>\r\n                            <p>Cum sociis natoque penatibus et magnis <a href=\"#\">dis parturient montes</a>, nascetur ridiculus mus. Aenean eu leo quam. Pellentesque ornare sem lacinia quam venenatis vestibulum. Sed posuere consectetur est at lobortis. Cras mattis consectetur purus sit amet fermentum.</p>                    ', 4, 1, 1, 1, 1, 3, '2018-02-19 00:00:00', '2018-07-05 15:34:08'),
(3, 'Sample blog post 3', 'Donec 3 ullamcorper nulla non metus auctor fringilla. Vestibulum id ligula porta felis euismod semper. Praesent commodo cursus magna, vel scelerisque nisl consectetur. Fusce dapibus, tellus ac cursus commodo.', '<p>This blog post shows a few different types of content that\'s supported and styled with Bootstrap. Basic typography, images, and code are all supported.</p>\r\n								<hr>\r\n								<p>Cum sociis natoque penatibus et magnis <a href=\"#\">dis parturient montes</a>, nascetur ridiculus mus. Aenean eu leo quam. Pellentesque ornare sem lacinia quam venenatis vestibulum. Sed posuere consectetur est at lobortis. Cras mattis consectetur purus sit amet fermentum.</p>\r\n								<blockquote>\r\n								  <p>Curabitur blandit tempus porttitor. <strong>Nullam quis risus eget urna mollis</strong> ornare vel eu leo. Nullam id dolor id nibh ultricies vehicula ut id elit.</p>\r\n								</blockquote>\r\n								<p>Etiam porta <em>sem malesuada magna</em> mollis euismod. Cras mattis consectetur purus sit amet fermentum. Aenean lacinia bibendum nulla sed consectetur.</p>\r\n								<h2>Heading</h2>\r\n								<p>Vivamus sagittis lacus vel augue laoreet rutrum faucibus dolor auctor. Duis mollis, est non commodo luctus, nisi erat porttitor ligula, eget lacinia odio sem nec elit. Morbi leo risus, porta ac consectetur ac, vestibulum at eros.</p>\r\n								<h3>Sub-heading</h3>\r\n								<p>Cum sociis natoque penatibus et magnis dis parturient montes, nascetur ridiculus mus.</p>\r\n								<pre><code>Example code block</code></pre>\r\n								<p>Aenean lacinia bibendum nulla sed consectetur. Etiam porta sem malesuada magna mollis euismod. Fusce dapibus, tellus ac cursus commodo, tortor mauris condimentum nibh, ut fermentum massa.</p>\r\n								<h3>Sub-heading</h3>\r\n								<p>Cum sociis natoque penatibus et magnis dis parturient montes, nascetur ridiculus mus. Aenean lacinia bibendum nulla sed consectetur. Etiam porta sem malesuada magna mollis euismod. Fusce dapibus, tellus ac cursus commodo, tortor mauris condimentum nibh, ut fermentum massa justo sit amet risus.</p>\r\n								<ul>\r\n									<li>Praesent commodo cursus magna, vel scelerisque nisl consectetur et.</li>\r\n									<li>Donec id elit non mi porta gravida at eget metus.</li>\r\n									<li>Nulla vitae elit libero, a pharetra augue.</li>\r\n								</ul>\r\n								<p>Donec ullamcorper nulla non metus auctor fringilla. Nulla vitae elit libero, a pharetra augue.</p>\r\n								<ol>\r\n									<li>Vestibulum id ligula porta felis euismod semper.</li>\r\n									<li>Cum sociis natoque penatibus et magnis dis parturient montes, nascetur ridiculus mus.</li>\r\n									<li>Maecenas sed diam eget risus varius blandit sit amet non magna.</li>\r\n								</ol>\r\n								<p>Cras mattis consectetur purus sit amet fermentum. Sed posuere consectetur est at lobortis.</p>', 'artigo.jpg', 'sample-blog-post-3', 'artigo, artigo 3 ', 'Descricao do artigo tres para seo', 'FAEX', '<p>This blog post shows a few different types of content that\'s supported and styled with Bootstrap. Basic typography, images, and code are all supported.</p>\n                            <hr>\n                            <p>Cum sociis natoque penatibus et magnis <a href=\"#\">dis parturient montes</a>, nascetur ridiculus mus. Aenean eu leo quam. Pellentesque ornare sem lacinia quam venenatis vestibulum. Sed posuere consectetur est at lobortis. Cras mattis consectetur purus sit amet fermentum.</p>', 14, 1, 1, 1, 1, 1, '2018-02-20 00:00:00', NULL),
(4, 'Sample blog post 4 titulo', 'Donec 4 ullamcorper nulla non metus auctor fringilla. Vestibulum id ligula porta felis euismod semper. Praesent commodo cursus magna, vel scelerisque nisl consectetur. Fusce dapibus, tellus ac cursus commodo.                    ', '<p>4This blog post shows a few different types of content that\'s supported and styled with Bootstrap. Basic typography, images, and code are all supported.</p>\r\n								<hr>\r\n								<p>Cum sociis natoque penatibus et magnis <a href=\"#\">dis parturient montes</a>, nascetur ridiculus mus. Aenean eu leo quam. Pellentesque ornare sem lacinia quam venenatis vestibulum. Sed posuere consectetur est at lobortis. Cras mattis consectetur purus sit amet fermentum.</p>\r\n								<blockquote>\r\n								  <p>Curabitur blandit tempus porttitor. <strong>Nullam quis risus eget urna mollis</strong> ornare vel eu leo. Nullam id dolor id nibh ultricies vehicula ut id elit.</p>\r\n								</blockquote>\r\n								<p>Etiam porta <em>sem malesuada magna</em> mollis euismod. Cras mattis consectetur purus sit amet fermentum. Aenean lacinia bibendum nulla sed consectetur.</p>\r\n								<h2>Heading</h2>\r\n								<p>Vivamus sagittis lacus vel augue laoreet rutrum faucibus dolor auctor. Duis mollis, est non commodo luctus, nisi erat porttitor ligula, eget lacinia odio sem nec elit. Morbi leo risus, porta ac consectetur ac, vestibulum at eros.</p>\r\n								<h3>Sub-heading</h3>\r\n								<p>Cum sociis natoque penatibus et magnis dis parturient montes, nascetur ridiculus mus.</p>\r\n								<pre><code>Example code block</code></pre>\r\n								<p>Aenean lacinia bibendum nulla sed consectetur. Etiam porta sem malesuada magna mollis euismod. Fusce dapibus, tellus ac cursus commodo, tortor mauris condimentum nibh, ut fermentum massa.</p>\r\n								<h3>Sub-heading</h3>\r\n								<p>Cum sociis natoque penatibus et magnis dis parturient montes, nascetur ridiculus mus. Aenean lacinia bibendum nulla sed consectetur. Etiam porta sem malesuada magna mollis euismod. Fusce dapibus, tellus ac cursus commodo, tortor mauris condimentum nibh, ut fermentum massa justo sit amet risus.</p>\r\n								<ul>\r\n									<li>Praesent commodo cursus magna, vel scelerisque nisl consectetur et.</li>\r\n									<li>Donec id elit non mi porta gravida at eget metus.</li>\r\n									<li>Nulla vitae elit libero, a pharetra augue.</li>\r\n								</ul>\r\n								<p>Donec ullamcorper nulla non metus auctor fringilla. Nulla vitae elit libero, a pharetra augue.</p>\r\n								<ol>\r\n									<li>Vestibulum id ligula porta felis euismod semper.</li>\r\n									<li>Cum sociis natoque penatibus et magnis dis parturient montes, nascetur ridiculus mus.</li>\r\n									<li>Maecenas sed diam eget risus varius blandit sit amet non magna.</li>\r\n								</ol>\r\n								<p>Cras mattis consectetur purus sit amet fermentum. Sed posuere consectetur est at lobortis.</p>                    ', 'artigo.jpg', 'sample-blog-post-4', 'artigo, artigo 4 ', 'Descricao do artigo quatro para seo', 'FAEX', '<p>This blog post shows a few different types of content that\'s supported and styled with Bootstrap. Basic typography, images, and code are all supported.</p>\r\n                            <hr>\r\n                            <p>Cum sociis natoque penatibus et magnis <a href=\"#\">dis parturient montes</a>, nascetur ridiculus mus. Aenean eu leo quam. Pellentesque ornare sem lacinia quam venenatis vestibulum. Sed posuere consectetur est at lobortis. Cras mattis consectetur purus sit amet fermentum.</p>                    ', 13, 1, 1, 1, 1, 1, '2018-02-21 00:00:00', '2018-07-05 16:17:06'),
(5, 'Sample blog post 5', 'Donec 5 ullamcorper nulla non metus auctor fringilla. Vestibulum id ligula porta felis euismod semper. Praesent commodo cursus magna, vel scelerisque nisl consectetur. Fusce dapibus, tellus ac cursus commodo.', '<p>This blog post shows a few different types of content that\'s supported and styled with Bootstrap. Basic typography, images, and code are all supported.</p>\r\n								<hr>\r\n								<p>Cum sociis natoque penatibus et magnis <a href=\"#\">dis parturient montes</a>, nascetur ridiculus mus. Aenean eu leo quam. Pellentesque ornare sem lacinia quam venenatis vestibulum. Sed posuere consectetur est at lobortis. Cras mattis consectetur purus sit amet fermentum.</p>\r\n								<blockquote>\r\n								  <p>Curabitur blandit tempus porttitor. <strong>Nullam quis risus eget urna mollis</strong> ornare vel eu leo. Nullam id dolor id nibh ultricies vehicula ut id elit.</p>\r\n								</blockquote>\r\n								<p>Etiam porta <em>sem malesuada magna</em> mollis euismod. Cras mattis consectetur purus sit amet fermentum. Aenean lacinia bibendum nulla sed consectetur.</p>\r\n								<h2>Heading</h2>\r\n								<p>Vivamus sagittis lacus vel augue laoreet rutrum faucibus dolor auctor. Duis mollis, est non commodo luctus, nisi erat porttitor ligula, eget lacinia odio sem nec elit. Morbi leo risus, porta ac consectetur ac, vestibulum at eros.</p>\r\n								<h3>Sub-heading</h3>\r\n								<p>Cum sociis natoque penatibus et magnis dis parturient montes, nascetur ridiculus mus.</p>\r\n								<pre><code>Example code block</code></pre>\r\n								<p>Aenean lacinia bibendum nulla sed consectetur. Etiam porta sem malesuada magna mollis euismod. Fusce dapibus, tellus ac cursus commodo, tortor mauris condimentum nibh, ut fermentum massa.</p>\r\n								<h3>Sub-heading</h3>\r\n								<p>Cum sociis natoque penatibus et magnis dis parturient montes, nascetur ridiculus mus. Aenean lacinia bibendum nulla sed consectetur. Etiam porta sem malesuada magna mollis euismod. Fusce dapibus, tellus ac cursus commodo, tortor mauris condimentum nibh, ut fermentum massa justo sit amet risus.</p>\r\n								<ul>\r\n									<li>Praesent commodo cursus magna, vel scelerisque nisl consectetur et.</li>\r\n									<li>Donec id elit non mi porta gravida at eget metus.</li>\r\n									<li>Nulla vitae elit libero, a pharetra augue.</li>\r\n								</ul>\r\n								<p>Donec ullamcorper nulla non metus auctor fringilla. Nulla vitae elit libero, a pharetra augue.</p>\r\n								<ol>\r\n									<li>Vestibulum id ligula porta felis euismod semper.</li>\r\n									<li>Cum sociis natoque penatibus et magnis dis parturient montes, nascetur ridiculus mus.</li>\r\n									<li>Maecenas sed diam eget risus varius blandit sit amet non magna.</li>\r\n								</ol>\r\n								<p>Cras mattis consectetur purus sit amet fermentum. Sed posuere consectetur est at lobortis.</p>', 'artigo.jpg', 'sample-blog-post-5', 'artigo, artigo 5', 'Descricao do artigo cinco para seo', 'FAEX', '<p>This blog post shows a few different types of content that\'s supported and styled with Bootstrap. Basic typography, images, and code are all supported.</p>\n                            <hr>\n                            <p>Cum sociis natoque penatibus et magnis <a href=\"#\">dis parturient montes</a>, nascetur ridiculus mus. Aenean eu leo quam. Pellentesque ornare sem lacinia quam venenatis vestibulum. Sed posuere consectetur est at lobortis. Cras mattis consectetur purus sit amet fermentum.</p>', 1, 1, 1, 1, 1, 1, '2018-02-22 00:00:00', NULL),
(6, 'Sample blog post 6', '<p><strong>Donec 6 ullamcorper nulla non metus auctor fringilla. Vestibulum id ligula porta felis euismod semper. Praesent commodo cursus magna, vel scelerisque nisl consectetur. Fusce dapibus, tellus ac cursus commodo.</strong></p>', '<p>This blog post shows a few <strong>different types of content that\'s supported and styled with Bootstrap. Basic typography, images, and code are</strong> all supported.</p><p>Cum sociis natoque penatibus et magnis dis parturient montes, nascetur ridiculus mus. Aenean eu leo quam. Pellentesque ornare sem lacinia quam venenatis vestibulum. Sed posuere consectetur est at lobortis. Cras mattis consectetur purus sit amet fermentum.</p><blockquote><p>Curabitur blandit tempus porttitor. <strong>Nullam quis risus eget urna mollis</strong> ornare vel eu leo. Nullam id dolor id nibh ultricies vehicula ut id elit.</p></blockquote><p>Etiam porta <i>sem malesuada magna</i> mollis euismod. Cras mattis consectetur purus sit amet fermentum. Aenean lacinia bibendum nulla sed consectetur.</p><h2>Heading</h2><p>Vivamus sagittis lacus vel augue laoreet rutrum faucibus dolor auctor. Duis mollis, est non commodo luctus, nisi erat porttitor ligula, eget lacinia odio sem nec elit. Morbi leo risus, porta ac consectetur ac, vestibulum at eros.</p><h3>Sub-heading</h3><p>Cum sociis natoque penatibus et magnis dis parturient montes, nascetur ridiculus mus.</p><p>Example code block</p><p>Aenean lacinia bibendum nulla sed consectetur. Etiam porta sem malesuada magna mollis euismod. Fusce dapibus, tellus ac cursus commodo, tortor mauris condimentum nibh, ut fermentum massa.</p><h3>Sub-heading</h3><p>Cum sociis natoque penatibus et magnis dis parturient montes, nascetur ridiculus mus. Aenean lacinia bibendum nulla sed consectetur. Etiam porta sem malesuada magna mollis euismod. Fusce dapibus, tellus ac cursus commodo, tortor mauris condimentum nibh, ut fermentum massa justo sit amet risus.</p><ul><li>Praesent commodo cursus magna, vel scelerisque nisl consectetur et.</li><li>Donec id elit non mi porta gravida at eget metus.</li><li>Nulla vitae elit libero, a pharetra augue.</li></ul><p>Donec ullamcorper nulla non metus auctor fringilla. Nulla vitae elit libero, a pharetra augue.</p><ol><li>Vestibulum id ligula porta felis euismod semper.</li><li>Cum sociis natoque penatibus et magnis dis parturient montes, nascetur ridiculus mus.</li><li>Maecenas sed diam eget risus varius blandit sit amet non magna.</li></ol><p>Cras mattis consectetur purus sit amet fermentum. Sed posuere consectetur est at lobortis.</p>', 'artigo.jpg', 'sample-blog-post-6', 'artigo, artigo 6', 'Descricao do artigo seis para seo', 'FAEX', '<p>This blog post shows a few different types of content that\'s supported and styled with Bootstrap. Basic typography, images, and code are all supported.</p><p>Cum sociis natoque penatibus et magnis <a href=\"#\">dis parturient montes</a>, nascetur ridiculus mus. Aenean eu leo quam. Pellentesque ornare sem lacinia quam venenatis vestibulum. Sed posuere consectetur est at lobortis. Cras mattis consectetur purus sit amet fermentum.</p>', 20, 4, 1, 1, 1, 1, '2018-02-23 00:00:00', '2020-08-19 23:08:19');

DROP TABLE IF EXISTS `sts_carousels`;
CREATE TABLE IF NOT EXISTS `sts_carousels` (
  `id` int(11) NOT NULL AUTO_INCREMENT,
  `nome` varchar(220) COLLATE utf8_unicode_ci NOT NULL,
  `imagem` varchar(220) COLLATE utf8_unicode_ci NOT NULL,
  `titulo` varchar(220) COLLATE utf8_unicode_ci DEFAULT NULL,
  `descricao` varchar(220) COLLATE utf8_unicode_ci DEFAULT NULL,
  `posicao_text` varchar(40) COLLATE utf8_unicode_ci DEFAULT NULL,
  `titulo_botao` varchar(40) COLLATE utf8_unicode_ci DEFAULT NULL,
  `link` varchar(220) COLLATE utf8_unicode_ci DEFAULT NULL,
  `ordem` int(11) NOT NULL,
  `adms_cor_id` int(11) DEFAULT NULL,
  `adms_sit_id` int(11) NOT NULL,
  `created` datetime NOT NULL,
  `modified` datetime DEFAULT NULL,
  PRIMARY KEY (`id`)
) ENGINE=MyISAM AUTO_INCREMENT=4 DEFAULT CHARSET=utf8 COLLATE=utf8_unicode_ci;

INSERT INTO `sts_carousels` (`id`, `nome`, `imagem`, `titulo`, `descricao`, `posicao_text`, `titulo_botao`, `link`, `ordem`, `adms_cor_id`, `adms_sit_id`, `created`, `modified`) VALUES
(1, 'GRADUAÇÃO PRESENCIAL', 'imagem_um.png', 'GRADUAÇÃO PRESENCIAL', 'Aprendizagem que conecta com Internet grátis!', 'text-left', 'INSCREVA-SE', 'https://faex.edu.br', 1, 5, 1, '2018-05-23 00:00:00', '2020-08-19 12:23:35'),
(2, 'Segundo Exemplo', 'imagem_dois.png', 'PÓS-GRADUAÇÃO ONLINE', 'Aprendizagem que conecta com Internet grátis!', 'text-left', 'INSCREVA-SE', 'https://faex.edu.br', 2, 5, 1, '2018-05-23 00:00:00', '2020-08-20 23:21:04'),
(3, 'Terceiro Exemplo', 'imagem_tres.png', 'NÃO BASTA SABER, É PRECISO SABER FAZER', 'Hoje, o profissional disputado pelas organizações é o que consegue ser multitarefa e colocar em prática o que aprende.', 'text-left', 'ACESSE', 'https://faex.edu.br', 3, 5, 1, '2018-05-23 00:00:00', '2020-08-19 23:31:34');

DROP TABLE IF EXISTS `sts_cats_artigos`;
CREATE TABLE IF NOT EXISTS `sts_cats_artigos` (
  `id` int(11) NOT NULL AUTO_INCREMENT,
  `nome` varchar(220) COLLATE utf8_unicode_ci NOT NULL,
  `adms_sit_id` int(11) NOT NULL,
  `created` datetime NOT NULL,
  `modified` datetime DEFAULT NULL,
  PRIMARY KEY (`id`)
) ENGINE=MyISAM AUTO_INCREMENT=4 DEFAULT CHARSET=utf8 COLLATE=utf8_unicode_ci;

INSERT INTO `sts_cats_artigos` (`id`, `nome`, `adms_sit_id`, `created`, `modified`) VALUES
(1, 'PHP', 1, '2018-02-23 00:00:00', NULL),
(2, 'Bootstrap', 1, '2018-02-23 00:00:00', NULL),
(3, 'MySQLi', 1, '2018-02-23 00:00:00', '2018-07-05 12:29:16');

DROP TABLE IF EXISTS `sts_contatos`;
CREATE TABLE IF NOT EXISTS `sts_contatos` (
  `id` int(11) NOT NULL AUTO_INCREMENT,
  `nome` varchar(220) COLLATE utf8_unicode_ci NOT NULL,
  `email` varchar(220) COLLATE utf8_unicode_ci NOT NULL,
  `assunto` varchar(220) COLLATE utf8_unicode_ci NOT NULL,
  `mensagem` text COLLATE utf8_unicode_ci NOT NULL,
  `created` datetime NOT NULL,
  `modified` datetime DEFAULT NULL,
  PRIMARY KEY (`id`)
) ENGINE=MyISAM AUTO_INCREMENT=13 DEFAULT CHARSET=utf8 COLLATE=utf8_unicode_ci;

INSERT INTO `sts_contatos` (`id`, `nome`, `email`, `assunto`, `mensagem`, `created`, `modified`) VALUES
(1, 'Aleandro', 'Aleandro@faex.edu.br', 'teste1', 'msg teste 1', '2018-05-06 11:33:16', NULL),
(2, 'Aleandro', 'Aleandro@faex.edu.br', 'teste1', 'msg teste 1', '2018-05-06 11:33:27', NULL),
(3, 'Aleandro', 'Aleandro@faex.edu.br', 'teste1', 'msg teste 1', '2018-05-07 10:16:36', NULL),
(4, 'Aleandro', 'Aleandro@faex.edu.br', 'teste1', 'msg teste 1', '2018-05-07 10:32:34', NULL),
(5, 'Aleandro', 'Aleandro@faex.edu.br', 'teste1', 'msg teste 1', '2018-05-07 10:32:47', NULL),
(6, 'Aleandro', 'Aleandro@faex.edu.br', 'Teste 6', 'Teste 6', '2018-05-07 11:20:12', NULL),
(7, 'Aleandro', 'Aleandro@faex.edu.br', 'Teste 6', 'Teste 6', '2018-05-07 11:20:12', NULL),
(8, 'Aleandro', 'Aleandro@faex.edu.br', 'Teste 8', 'Teste 8', '2018-05-07 11:39:49', NULL),
(9, 'Aleandro', '', 'Teste 9', 'Teste 9', '2018-05-07 11:40:12', NULL),
(10, 'Aleandro', 'Aleandro@faex.edu.br', 'Teste 10', 'Teste 10', '2018-05-09 11:10:13', NULL),
(11, 'Aleandro', 'Aleandro@faex.edu.br', 'Teste 11', 'Teste 11', '2018-05-09 11:10:21', NULL),
(12, 'Aleandro', 'Aleandro@faex.edu.br', 'Teste 12', 'Teste 12', '2018-05-09 11:16:20', NULL);

DROP TABLE IF EXISTS `sts_paginas`;
CREATE TABLE IF NOT EXISTS `sts_paginas` (
  `id` int(11) NOT NULL AUTO_INCREMENT,
  `controller` varchar(220) COLLATE utf8_unicode_ci NOT NULL,
  `endereco` varchar(220) COLLATE utf8_unicode_ci NOT NULL,
  `nome_pagina` varchar(220) COLLATE utf8_unicode_ci NOT NULL,
  `titulo` varchar(220) COLLATE utf8_unicode_ci NOT NULL,
  `obs` text COLLATE utf8_unicode_ci,
  `keywords` varchar(220) COLLATE utf8_unicode_ci NOT NULL,
  `description` varchar(220) COLLATE utf8_unicode_ci NOT NULL,
  `author` varchar(50) COLLATE utf8_unicode_ci NOT NULL,
  `imagem` varchar(120) COLLATE utf8_unicode_ci DEFAULT NULL,
  `lib_bloq` int(11) NOT NULL DEFAULT '2',
  `ordem` int(11) NOT NULL,
  `sts_tps_pg_id` int(11) NOT NULL,
  `sts_robot_id` int(11) NOT NULL,
  `sts_situacaos_pg_id` int(11) NOT NULL DEFAULT '2',
  `created` datetime NOT NULL,
  `modified` datetime DEFAULT NULL,
  PRIMARY KEY (`id`)
) ENGINE=MyISAM AUTO_INCREMENT=7 DEFAULT CHARSET=utf8 COLLATE=utf8_unicode_ci;

INSERT INTO `sts_paginas` (`id`, `controller`, `endereco`, `nome_pagina`, `titulo`, `obs`, `keywords`, `description`, `author`, `imagem`, `lib_bloq`, `ordem`, `sts_tps_pg_id`, `sts_robot_id`, `sts_situacaos_pg_id`, `created`, `modified`) VALUES
(1, 'Home', 'home', 'Pagina inicial', 'FAEX - Pagina inicial', 'Pagina inicial do site do projeto sts                                ', 'noticias,...', 'Site de noticias sobre...', 'FAEX', 'home.jpg', 1, 1, 1, 3, 1, '2018-05-23 00:00:00', '2018-07-09 12:47:01'),
(2, 'SobreEmpresa', 'sobre-empresa', 'Sobre Empresa', 'FAEX - Sobre Empresa', 'Pagina sobre empresa do site do projeto sts                                ', 'sobre a empresa FAEX, FAEX', 'A empresa FAEX...', 'FAEX', 'sobre_empresa.jpg', 1, 2, 1, 1, 1, '2018-05-23 00:00:00', '2020-08-19 23:12:08'),
(3, 'Blog', 'blog', 'Blog', 'FAEX - Blog', 'Pagina blog do site do projeto sts', 'Ultimas noticias, noticias sobre...', 'Ultimas noticias sobre...', 'FAEX', 'blog.jpg', 1, 3, 1, 1, 1, '2018-05-23 00:00:00', '2018-07-09 12:32:46'),
(4, 'Artigo', 'artigo', 'Artigo', 'FAEX - Artigo', 'Pagina para ver o artigo inteiro no site do projeto sts                                ', 'php, php oo,...', 'Como criar o ...', 'FAEX', 'artigo.jpg', 2, 4, 1, 1, 1, '2018-05-23 00:00:00', '2020-08-19 11:52:57'),
(5, 'Contato', 'contato', 'Contato', 'FAEX - Contato', 'Pagina contato no site do projeto sts', 'contato, contato com,...', 'Formulario de contato...', 'FAEX', 'contato.jpg', 1, 5, 1, 1, 1, '2018-05-23 00:00:00', '2018-07-09 12:32:46'),
(6, 'Loja', 'loja', 'Loja', 'FAEX - Vitrine da Loja', 'Pagina para listas os produtos                                                                ', 'Pagina para listas os produtos', 'Pagina para listas os produtos', 'FAEX', 'loja.jpg', 2, 6, 2, 1, 2, '2018-05-23 00:00:00', '2020-08-19 11:51:33');

DROP TABLE IF EXISTS `sts_robots`;
CREATE TABLE IF NOT EXISTS `sts_robots` (
  `id` int(11) NOT NULL AUTO_INCREMENT,
  `nome` varchar(220) COLLATE utf8_unicode_ci NOT NULL,
  `tipo` varchar(40) COLLATE utf8_unicode_ci NOT NULL,
  `created` datetime NOT NULL,
  `modified` datetime DEFAULT NULL,
  PRIMARY KEY (`id`)
) ENGINE=MyISAM AUTO_INCREMENT=6 DEFAULT CHARSET=utf8 COLLATE=utf8_unicode_ci;

INSERT INTO `sts_robots` (`id`, `nome`, `tipo`, `created`, `modified`) VALUES
(1, 'Indexar a página e seguir os links', 'index,follow', '2018-05-23 00:00:00', NULL),
(2, 'Não indexar a página mas seguir os links', 'noindex,follow', '2018-05-23 00:00:00', NULL),
(3, 'Indexar a página mas não seguir os links', 'index,nofollow', '2018-05-23 00:00:00', NULL),
(4, 'Não indexar a página e nem seguir os links', 'noindex,nofollow', '2018-05-23 00:00:00', NULL),
(5, 'Não exibir a versão em cache da página', 'noarchive', '2018-05-23 00:00:00', NULL);

DROP TABLE IF EXISTS `sts_seo`;
CREATE TABLE IF NOT EXISTS `sts_seo` (
  `id` int(11) NOT NULL AUTO_INCREMENT,
  `og_site_name` varchar(40) COLLATE utf8_unicode_ci NOT NULL,
  `og_locale` varchar(40) COLLATE utf8_unicode_ci NOT NULL,
  `fb_admins` varchar(120) COLLATE utf8_unicode_ci NOT NULL,
  `twitter_site` varchar(40) COLLATE utf8_unicode_ci NOT NULL,
  `created` datetime NOT NULL,
  `modified` datetime DEFAULT NULL,
  PRIMARY KEY (`id`)
) ENGINE=MyISAM AUTO_INCREMENT=2 DEFAULT CHARSET=utf8 COLLATE=utf8_unicode_ci;

INSERT INTO `sts_seo` (`id`, `og_site_name`, `og_locale`, `fb_admins`, `twitter_site`, `created`, `modified`) VALUES
(1, 'FAEX', 'pt_BR', '999999999999', '@FAEXcursos', '2018-05-23 00:00:00', '2020-08-19 10:50:39');

DROP TABLE IF EXISTS `sts_servicos`;
CREATE TABLE IF NOT EXISTS `sts_servicos` (
  `id` int(11) NOT NULL AUTO_INCREMENT,
  `titulo` varchar(250) COLLATE utf8_unicode_ci NOT NULL,
  `icone_um` varchar(40) COLLATE utf8_unicode_ci NOT NULL,
  `nome_um` varchar(120) COLLATE utf8_unicode_ci NOT NULL,
  `descricao_um` varchar(220) COLLATE utf8_unicode_ci NOT NULL,
  `icone_dois` varchar(40) COLLATE utf8_unicode_ci NOT NULL,
  `nome_dois` varchar(120) COLLATE utf8_unicode_ci NOT NULL,
  `descricao_dois` varchar(220) COLLATE utf8_unicode_ci NOT NULL,
  `icone_tres` varchar(40) COLLATE utf8_unicode_ci NOT NULL,
  `nome_tres` varchar(120) COLLATE utf8_unicode_ci NOT NULL,
  `descricao_tres` varchar(220) COLLATE utf8_unicode_ci NOT NULL,
  `created` datetime NOT NULL,
  `modified` datetime DEFAULT NULL,
  PRIMARY KEY (`id`)
) ENGINE=MyISAM AUTO_INCREMENT=2 DEFAULT CHARSET=utf8 COLLATE=utf8_unicode_ci;

INSERT INTO `sts_servicos` (`id`, `titulo`, `icone_um`, `nome_um`, `descricao_um`, `icone_dois`, `nome_dois`, `descricao_dois`, `icone_tres`, `nome_tres`, `descricao_tres`, `created`, `modified`) VALUES
(1, 'Serviços', 'ion-ios-camera-outline', 'Serviços Teste', 'This is a longer card with supporting text below as a natural lead-in to additional content. This content is a little bit longer.', 'ion-ios-film-outline', 'Serviços dois', 'This card has supporting text below as a natural lead-in to additional content.', 'ion-ios-videocam-outline', 'Serviços tres', 'This is a wider card with supporting text below as a natural lead-in to additional content. This card has even longer content than the first to show that equal height action.', '2018-05-23 00:00:00', '2020-08-19 23:05:34');

DROP TABLE IF EXISTS `sts_situacaos_pgs`;
CREATE TABLE IF NOT EXISTS `sts_situacaos_pgs` (
  `id` int(11) NOT NULL AUTO_INCREMENT,
  `nome` varchar(40) COLLATE utf8_unicode_ci NOT NULL,
  `adms_cor_id` int(11) NOT NULL,
  `created` datetime NOT NULL,
  `modified` datetime DEFAULT NULL,
  PRIMARY KEY (`id`)
) ENGINE=MyISAM AUTO_INCREMENT=4 DEFAULT CHARSET=utf8 COLLATE=utf8_unicode_ci;

INSERT INTO `sts_situacaos_pgs` (`id`, `nome`, `adms_cor_id`, `created`, `modified`) VALUES
(1, 'Ativo', 3, '2018-05-23 00:00:00', NULL),
(2, 'Inativo', 5, '2018-05-23 00:00:00', NULL),
(3, 'Analise', 1, '2018-05-23 00:00:00', NULL);

DROP TABLE IF EXISTS `sts_sobres`;
CREATE TABLE IF NOT EXISTS `sts_sobres` (
  `id` int(11) NOT NULL AUTO_INCREMENT,
  `titulo` varchar(220) COLLATE utf8_unicode_ci NOT NULL,
  `descricao` text COLLATE utf8_unicode_ci NOT NULL,
  `imagem` varchar(220) COLLATE utf8_unicode_ci NOT NULL,
  `adms_sit_id` int(11) NOT NULL,
  `created` datetime NOT NULL,
  `modified` datetime DEFAULT NULL,
  PRIMARY KEY (`id`)
) ENGINE=MyISAM AUTO_INCREMENT=2 DEFAULT CHARSET=utf8 COLLATE=utf8_unicode_ci;

INSERT INTO `sts_sobres` (`id`, `titulo`, `descricao`, `imagem`, `adms_sit_id`, `created`, `modified`) VALUES
(1, 'Sobre', 'Etiam porta sem malesuada magna mollis euismod. Cras mattis consectetur purus sit amet fermentum. Aenean lacinia bibendum nulla sed consectetur.                                                                                                                                            ', 'imagem-um.jpg', 1, '2018-05-23 00:00:00', '2018-07-05 16:44:14');

DROP TABLE IF EXISTS `sts_sobs_emps`;
CREATE TABLE IF NOT EXISTS `sts_sobs_emps` (
  `id` int(11) NOT NULL AUTO_INCREMENT,
  `titulo` varchar(220) COLLATE utf8_unicode_ci NOT NULL,
  `descricao` text COLLATE utf8_unicode_ci NOT NULL,
  `imagem` varchar(220) COLLATE utf8_unicode_ci NOT NULL,
  `ordem` int(11) NOT NULL,
  `adms_sit_id` int(11) NOT NULL,
  `created` datetime NOT NULL,
  `modified` datetime DEFAULT NULL,
  PRIMARY KEY (`id`)
) ENGINE=MyISAM AUTO_INCREMENT=5 DEFAULT CHARSET=utf8 COLLATE=utf8_unicode_ci;

INSERT INTO `sts_sobs_emps` (`id`, `titulo`, `descricao`, `imagem`, `ordem`, `adms_sit_id`, `created`, `modified`) VALUES
(1, 'Sobre empresa um.', 'Donec ullamcorper nulla non metus auctor fringilla. Vestibulum id ligula porta felis euismod semper. Praesent commodo cursus magna, vel scelerisque nisl consectetur. Fusce dapibus, tellus ac cursus commodo.                    ', 'ficcao-cientifica.jpg', 2, 1, '2018-05-23 00:00:00', '2018-07-04 11:49:20'),
(2, 'Sobre empresa dois.', 'Descricao sobre empresa 2 Donec ullamcorper nulla non metus auctor fringilla. Vestibulum id ligula porta felis euismod semper. Praesent commodo cursus magna, vel scelerisque nisl consectetur. Fusce dapibus, tellus ac cursus commodo.', 'empresa.jpg', 3, 1, '2018-05-23 00:00:00', '2018-07-04 11:49:20'),
(3, 'Sobre empresa tres.', 'Descricao sobre empresa 3 Donec ullamcorper nulla non metus auctor fringilla. Vestibulum id ligula porta felis euismod semper. Praesent commodo cursus magna, vel scelerisque nisl consectetur. Fusce dapibus, tellus ac cursus commodo.', 'empresa.jpg', 4, 1, '2018-05-23 00:00:00', '2018-07-04 11:49:20'),
(4, 'Sobre empresa quatro.', 'Descricao sobre empresa 4 Donec ullamcorper nulla non metus auctor fringilla. Vestibulum id ligula porta felis euismod semper. Praesent commodo cursus magna, vel scelerisque nisl consectetur. Fusce dapibus, tellus ac cursus commodo.', 'empresa.jpg', 1, 1, '2018-05-23 00:00:00', '2018-07-04 11:49:20');

DROP TABLE IF EXISTS `sts_tps_artigos`;
CREATE TABLE IF NOT EXISTS `sts_tps_artigos` (
  `id` int(11) NOT NULL AUTO_INCREMENT,
  `nome` varchar(40) COLLATE utf8_unicode_ci NOT NULL,
  `created` datetime NOT NULL,
  `modified` datetime DEFAULT NULL,
  PRIMARY KEY (`id`)
) ENGINE=MyISAM AUTO_INCREMENT=4 DEFAULT CHARSET=utf8 COLLATE=utf8_unicode_ci;

INSERT INTO `sts_tps_artigos` (`id`, `nome`, `created`, `modified`) VALUES
(1, 'Público', '2018-02-23 00:00:00', '2018-07-05 10:32:25'),
(2, 'Privado', '2018-02-23 00:00:00', NULL),
(3, 'Privado com resumo público', '2018-02-23 00:00:00', '2018-07-05 10:32:16');

DROP TABLE IF EXISTS `sts_tps_pgs`;
CREATE TABLE IF NOT EXISTS `sts_tps_pgs` (
  `id` int(11) NOT NULL AUTO_INCREMENT,
  `tipo` varchar(120) COLLATE utf8_unicode_ci NOT NULL,
  `nome` varchar(220) COLLATE utf8_unicode_ci NOT NULL,
  `obs` text COLLATE utf8_unicode_ci NOT NULL,
  `ordem` int(11) NOT NULL,
  `created` datetime NOT NULL,
  `modified` datetime DEFAULT NULL,
  PRIMARY KEY (`id`)
) ENGINE=MyISAM AUTO_INCREMENT=3 DEFAULT CHARSET=utf8 COLLATE=utf8_unicode_ci;

INSERT INTO `sts_tps_pgs` (`id`, `tipo`, `nome`, `obs`, `ordem`, `created`, `modified`) VALUES
(1, 'sts', 'Site Principal', 'Core do site principal', 1, '2018-05-23 00:00:00', '2018-07-09 12:16:02'),
(2, 'lojas', 'Loja', 'Loja virtual', 2, '2018-05-23 00:00:00', '2018-07-09 12:16:02');

DROP TABLE IF EXISTS `sts_videos`;
CREATE TABLE IF NOT EXISTS `sts_videos` (
  `id` int(11) NOT NULL AUTO_INCREMENT,
  `titulo` varchar(120) COLLATE utf8_unicode_ci NOT NULL,
  `descricao` varchar(220) COLLATE utf8_unicode_ci NOT NULL,
  `video` varchar(1024) COLLATE utf8_unicode_ci NOT NULL,
  `created` datetime NOT NULL,
  `modified` datetime DEFAULT NULL,
  PRIMARY KEY (`id`)
) ENGINE=MyISAM AUTO_INCREMENT=2 DEFAULT CHARSET=utf8 COLLATE=utf8_unicode_ci;

INSERT INTO `sts_videos` (`id`, `titulo`, `descricao`, `video`, `created`, `modified`) VALUES
(1, 'Vídeo', 'This is a wider card with supporting text below as a natural lead-in to additional content.', '<iframe class=\"embed-responsive-item\" src=\"https://player.vimeo.com/video/435138078?app_id=122963\" frameborder=\"0\" allow=\"autoplay; fullscreen\" allowfullscreen=\"\"  title=\"y2matecom - o_mundo_esta_mudando_prt38hpWoMA_360p\" data-ready=\"true\"></iframe>                                ', '2018-05-23 00:00:00', '2020-08-19 23:06:50');
COMMIT;

/*!40101 SET CHARACTER_SET_CLIENT=@OLD_CHARACTER_SET_CLIENT */;
/*!40101 SET CHARACTER_SET_RESULTS=@OLD_CHARACTER_SET_RESULTS */;
/*!40101 SET COLLATION_CONNECTION=@OLD_COLLATION_CONNECTION */;
